Installed Base Nb;Usagscope std;Server;Portfolio;Release;Product Type;Trigram;Product Name;Product Nb;Revenue Type;Qty;Quote number number;quoted DS - value 2022;Annual value;"TOS-alternative none
Final";End Date;Usage Scope
LN00027901770;tbd;;SIMULIA V6;V6R2013x;Named User;AFE;CATIA Advanced FE Modeling;6NP-AFE;YLC;1;Dav-YLC V6;5.703;5.703;Renew 2022;31/12/2022;Aerospace Bangalore
LN00013212908;tbd;;CATIA V4;V4R2.5;Configuration;AD5;CATIA.Mech.Advanced Design and Detailing;4CC-AD5;ALC;2;RN0000828860;0;0;TOS;31/12/2022;Aerospace St Louis
LN00012754782;tbd;;CATIA V4;;Configuration;AD5;V4 Parallel Use;;ALC;40;RN0000828860;;;Renew 2022;31/12/2022;Aerospace Filton
LN00012754792;tbd;;CATIA V4;;Configuration;ADD;V4 Parallel Use;;ALC;14;RN0000828860;;;Renew 2022;31/12/2022;Aerospace Filton
LN00031154674;NL Papendrecht;KKZ-42661C6F695667C0;CATIA V4;;Configuration;ADD;V4 Parallel Use;;ALC;4;RN0000828860;;;Renew 2022;31/12/2022;Fokker Aerostructures Netherlands Use
LN00031154526;NL Papendrecht;KKZ-42661C6F695667C0;ENOVIAvpm;V1R6;Configuration;ADX;ENOVIA.VPM.Administrator Configuration (Concurrent);4CC-ADX;ALC;2;RN0000828860;0;0;TOS;31/12/2022;Fokker Aerostructures Netherlands Use
LN00013212793;tbd;;SIMULIA V6;V6R2012x;Named User;AFE;CATIA Advanced FE Modeling;6NP-AFE;ALC;4;RN0000828860;4937,69;4937,69;Renew 2022;31/12/2022;Aerospace Filton
LN00031154550;NL Papendrecht;KKZ-42661C6F695667C0;SIMULIA V6;V6R2011x;Named User;AFE;CATIA Advanced FE Modeling;6NP-AFE;ALC;1;RN0000828860;329,47;329,47;Renew 2022;31/12/2022;Fokker Aerostructures Netherlands Use
LN00031154552;NL Papendrecht;KKZ-42661C6F695667C0;SIMULIA V6;V6R2011x;Named User;AFE;CATIA Advanced FE Modeling;6NP-AFE;ALC;1;RN0000828860;1317,9;1317,9;Renew 2022;31/12/2022;Fokker Aerostructures Netherlands Use
LN00027901772;tbd;;ENOVIA V6;V6R2013x;Named User;CGE;ENOVIA VPM Configured Environment;6NP-CGE;YLC;1;Dav-YLC V6;1.428;1.428;Renew 2022;05/09/2022;Aerospace Bangalore
LN00018912619;tbd;;CATIA V5;V5-6R2016;Configuration;AM2;CATIA - DESIGNER & ADVANCED MACHINIST 2 Configuration;5CC-AM2;ALC;3;RN0000828860;11983,8;11983,8;Renew 2022;31/12/2022;Aerospace Alabama
LN00018912942;tbd;;CATIA V5;V5-6R2016;Configuration;MD2;CATIA - MECHANICAL DESIGN 2 Configuration;5CC-MD2;ALC;3;RN0000828860;5242,91;5242,91;Renew 2022;31/12/2022;Aerospace Alabama
LN00031351426;tbd;;CATIA V6;V6R2013x;Shareable;CEG;CATIA Composites Engineering;6CP-CEG;ALC;1;RN0000828860;0;0;TOS;31/12/2022;Aerospace Alabama
LN00013212653;tbd;;Special Offers;V5-6R2013;Package;ZAC;AIRBUS COMPOSITE Package;5OB-ZAC;ALC;3;RN0000828860;13676,43;13676,43;Renew 2022;31/12/2022;Aerospace Alabama
LN00013212631;tbd;;Special Offers;V5R21;Package;ZAD;AIRBUS DESIGN Package;5OB-ZAD;ALC;4;RN0000828860;7781,64;7781,64;Renew 2022;31/12/2022;Aerospace Alabama
LN00013212652;tbd;;Special Offers;V5-6R2013;Package;ZAD;AIRBUS DESIGN Package;5OB-ZAD;ALC;3;RN0000828860;5835,87;5835,87;Renew 2022;31/12/2022;Aerospace Alabama
LN00013212690;tbd;;Special Offers;V5R21;Package;AME;CATIA - Advanced Multi-Axis & Pocket Machining;5AB-AME;ALC;1;RN0000828860;2189,63;2189,63;Renew 2022;31/12/2022;Aerospace St Louis
LN00013212688;tbd;;Special Offers;V5R21;Package;CAT;CATIA Team PLM;5CB-CAT;ALC;1;RN0000828860;1251,23;1251,23;Renew 2022;31/12/2022;Aerospace St Louis
LN00031154675;NL Papendrecht;KKZ-42661C6F695667C0;CATIA V4;;Shareable;ASU;V4 Parallel Use;;ALC;10;RN0000828860;;;Renew 2022;31/12/2022;Fokker Aerostructures Netherlands Use
LN00031907707;tbd;;Special Offers;;Package;CAT;;5CB-CAT;ALC;3;RN0000828860;4858,01;4858,01;Renew 2022;31/12/2022;Aerospace PreMac
LN00013212866;tbd;;CATIA V5;V5R21;Single Add-On;CCD;CATIA - CADAM DRAFTING for V5 Product;5AP-CCD;ALC;2;RN0000828860;500,73;500,73;Renew 2022;31/12/2022;Aerospace Yeovil
LN00013213004;tbd;;CATIA V4;V4R2.5;Shareable;CCC;CATIA.CATIA/CADAM Coupler;4CP-CCC;ALC;1;RN0000828860;0;0;TOS;31/12/2022;Aerospace Munchen
LN00031154660;NL Papendrecht;KKZ-42661C6F695667C0;CATIA V4;V4R2.4;Shareable;CCC;CATIA.CATIA/CADAM Coupler;4CP-CCC;ALC;1;RN0000828860;0;0;TOS;31/12/2022;Fokker Aerostructures Netherlands Use
LN00013212894;tbd;;CATIA V5;V5R21;Single Add-On;CCD;CATIA - CADAM DRAFTING for V5 Product;5AP-CCD;ALC;1;RN0000828860;250,36;250,36;Renew 2022;31/12/2022;Aerospace Filton
LN00013213014;tbd;;CATIA V4;V4R2.5;Shareable;CCD;CATIA/CADAM Drafting Product;4CP-CCD;ALC;2;RN0000828860;0;0;TOS;31/12/2022;Aerospace Munchen
LN00031154659;NL Papendrecht;KKZ-42661C6F695667C0;CATIA V4;V4R2.5;Shareable;CCD;CATIA/CADAM Drafting Product;4CP-CCD;ALC;3;RN0000828860;0;0;TOS;31/12/2022;Fokker Aerostructures Netherlands Use
LN00013212907;tbd;;CAA V5;V5R21;Configuration;CDC;CAA - C++ Extended Development Configuration;5CC-CDC;ALC;1;RN0000828860;4003,98;4003,98;Renew 2022;31/12/2022;Aerospace Filton
LN00012754800;tbd;;CATIA V4;;Shareable;CCD;V4 Parallel Use;;ALC;2;RN0000828860;;;Renew 2022;31/12/2022;Aerospace Munchen
LN00031152465;tbd;;CAA V5;V5R20;Configuration;CDV;CAA - C++ Base Development Configuration;5CC-CDV;ALC;1;RN0000828860;4238,15;4238,15;Renew 2022;31/12/2022;Fokker Elmo Netherlands Use
LN00013212892;tbd;;CATIA V4;V4R2.5;Shareable;CDA;CATIA.Data Management - Access;4CP-CDA;ALC;31;RN0000828860;0;0;Renew 2022;31/12/2022;Aerospace Filton
LN00013212882;tbd;;CATIA V4;;Shareable;CDA;V4 Transfer without Support;;ALC;1;To be TOS V4 per 1-1-2022;0;0;Renew 2022;No Support;Aerospace Yeovil
LN00021640656;tbd;;Special Offers;V5-6R2017;Package;ZAD;AIRBUS DESIGN Package;5OB-ZAD;ALC;1;RN0000828860;1945,39;1945,39;Renew 2022;31/12/2022;Aerospace Alabama
LN00013212893;tbd;;CATIA V4;V4R2.5;Shareable;CDR;CATIA.Data Management - Run Time;4CP-CDR;ALC;31;RN0000828860;0;0;Renew 2022;31/12/2022;Aerospace Filton
LN00013212883;tbd;;CATIA V4;;Shareable;CDR;V4 Transfer without Support;;ALC;1;To be TOS V4 per 1-1-2022;0;0;Renew 2022;No Support;Aerospace Yeovil
LN00013212724;tbd;;CATIA / ENOVIA DMU;V5-6R2013;Add-On;CPR;DMU COMPOSITES REVIEW 2 Product;5AP-CPR;ALC;10;RN0000828860;4004,35;4004,35;Renew 2022;31/12/2022;Aerospace Alabama
LN00032680280;NL Papendrecht;KKZ-42661C6F695667C0;Special Offers;V6R2011x;Package;DASMS-AF;DA Suppliers SMS-Airframe;6NB-DASMS-AF;YLC;2;RN0000780808;1071,74;1071,74;Renew 2022;31/12/2022;Fokker Aerostructures Netherlands Use
LN00031154592;NL Papendrecht;KKZ-42661C6F695667C0;ENOVIA V6;V6R2011x;Named User;CFE;ENOVIA Variant Configuration Experience;6NP-CFE;ALC;40;RN0000828860;2363,93;2363,93;Renew 2022;31/12/2022;Fokker Aerostructures Netherlands Use
LN00027901774;tbd;;ENOVIA V6;V6R2013x;Named User;CHT;ENOVIA VPM Change Tracking;6NP-CHT;YLC;1;Dav-YLC V6;407;407;Renew 2022;05/09/2022;Aerospace Bangalore
LN00031154496;NL Papendrecht;KKZ-42661C6F695667C0;CATIA V5;V5R20;Add-On;DL1;CATIA - DEVELOPED SHAPES 1 Product;5AP-DL1;ALC;1;RN0000828860;0;0;SOS;31/12/2022;Fokker Aerostructures Netherlands Use
LN00031974430;tbd;;ENOVIA V6;V6R2013x;Named User;CFE;ENOVIA Variant Configuration Experience;6NP-CFE;YLC;2;Dav-YLC V6;395;395;Renew 2022;17/10/2022;Aerospace Filton
LN00013212783;tbd;;ENOVIA V6;V6R2012x;Named User;CGE;ENOVIA VPM Configured Environment;6NP-CGE;ALC;4;RN0000828860;1130,41;1130,41;Renew 2022;31/12/2022;Aerospace Filton
LN00027901786;tbd;;Special Offers;V6R2013x;Package;DASMS-BASE;DA Suppliers SMS-BASE;6NB-DASMS-BASE;YLC;1;Dav-YLC V6;1.755;1.755;Renew 2022;05/09/2022;Aerospace Bangalore
LN00027901776;tbd;;ENOVIA V6;V6R2013x;Named User;DVA;ENOVIA VPM Digital Validation;6NP-DVA;YLC;1;Dav-YLC V6;3.259;3.259;Renew 2022;05/09/2022;Aerospace Bangalore
LN00031154590;NL Papendrecht;KKZ-42661C6F695667C0;ENOVIA V6;V6R2011x;Named User;CGE;ENOVIA VPM Configured Environment;6NP-CGE;ALC;8;RN0000828860;2425,8;2425,8;Renew 2022;31/12/2022;Fokker Aerostructures Netherlands Use
LN00031974425;tbd;;ENOVIA V6;V6R2013x;Named User;CGE;ENOVIA VPM Configured Environment;6NP-CGE;YLC;2;Dav-YLC V6;2.309;2.309;Renew 2022;17/10/2022;Aerospace Filton
LN00027901768;tbd;;ENOVIA V6;V6R2013x;Configuration;LIV;ENOVIA 3DLive;6NP-LIV;YLC;1;Dav-YLC V6;204;204;Renew 2022;05/09/2022;Aerospace Bangalore
LN00013212747;tbd;;CATIA / ENOVIA DMU;V5-6R2013;Configuration;DM1;ENOVIA - DMU REVIEW 1 Configuration;5CC-DM1;ALC;10;RN0000828860;2513,15;2513,15;Renew 2022;31/12/2022;Aerospace Alabama
LN00031152501;tbd;;CATIA Composer;V6R2012;Configuration;CNS-C;3DVIA Enterprise Sync;6CC-CNS-C;ALC;1;RN0000828860;7311,77;7311,77;Renew 2022;31/12/2022;Fokker Elmo Netherlands Use
LN00031154378;tbd;;Industry Solutions Packages;V6R2013x;Package;COME;Collaboration Member;6IB-COME;ALC;17;RN0000828860;4370,65;4370,65;Renew 2022;31/12/2022;Fokker Landing Gear
LN00031154676;NL Papendrecht;KKZ-42661C6F695667C0;CATIA V4;;Shareable;COV;V4 Parallel Use;;ALC;2;RN0000828860;;;Renew 2022;31/12/2022;Fokker Aerostructures Netherlands Use
LN00013212742;tbd;;CATIA / ENOVIA DMU;V5R21;Configuration;DM1;ENOVIA - DMU REVIEW 1 Configuration;5CC-DM1;ALC;1;RN0000828860;251,32;251,32;Renew 2022;31/12/2022;Aerospace Bangalore
LN00013212773;tbd;;CATIA / ENOVIA DMU;V5R21;Configuration;DM1;ENOVIA - DMU REVIEW 1 Configuration;5CC-DM1;ALC;3;RN0000828860;753,96;753,96;Renew 2022;31/12/2022;Aerospace Bangalore
LN00031154588;NL Papendrecht;KKZ-42661C6F695667C0;ENOVIA V6;V6R2011x;Named User;CHT;ENOVIA VPM Change Tracking;6NP-CHT;ALC;8;RN0000828860;693,09;693,09;Renew 2022;31/12/2022;Fokker Aerostructures Netherlands Use
LN00031154390;tbd;;ENOVIA V6;V6R2013x;Named User;CPF;ENOVIA Live Collaboration;6NP-CPF;ALC;4;RN0000828860;664,9;664,9;Renew 2022;31/12/2022;Fokker Landing Gear
LN00013212784;tbd;;ENOVIA V6;V6R2012x;Named User;CHT;ENOVIA VPM Change Tracking;6NP-CHT;ALC;4;RN0000828860;322,65;322,65;Renew 2022;31/12/2022;Aerospace Filton
LN00027901780;tbd;;SIMULIA V6;V6R2013x;Named User;SFE;CATIA Surface FE Modeling;6NP-SFE;YLC;1;Dav-YLC V6;5.703;5.703;Renew 2022;05/09/2022;Aerospace Bangalore
LN00013212741;tbd;;CATIA / ENOVIA DMU;V5R21;Configuration;DM1;ENOVIA - DMU REVIEW 1 Configuration;5CC-DM1;ALC;5;RN0000828860;1256,51;1256,51;Renew 2022;31/12/2022;Aerospace IoW
LN00018912621;tbd;;CATIA / ENOVIA DMU;V5-6R2016;Configuration;DM1;ENOVIA - DMU REVIEW 1 Configuration;5CC-DM1;ALC;1;RN0000828860;312,07;312,07;Renew 2022;31/12/2022;Aerospace New York
LN00013212740;tbd;;CATIA / ENOVIA DMU;V5R21;Configuration;DM1;ENOVIA - DMU REVIEW 1 Configuration;5CC-DM1;ALC;1;RN0000828860;251,3;251,3;Renew 2022;31/12/2022;Aerospace Yeovil
LN00013212767;tbd;;CATIA / ENOVIA DMU;V5R21;Configuration;DM1;ENOVIA - DMU REVIEW 1 Configuration;5CC-DM1;ALC;1;RN0000828860;301,56;301,56;Renew 2022;31/12/2022;Aerospace Yeovil
LN00013212768;tbd;;CATIA / ENOVIA DMU;V5R21;Configuration;DM1;ENOVIA - DMU REVIEW 1 Configuration;5CC-DM1;ALC;1;RN0000828860;251,3;251,3;Renew 2022;31/12/2022;Aerospace Yeovil
LN00031154504;NL Papendrecht;KKZ-42661C6F695667C0;CATIA / ENOVIA DMU;V5-6R2012;Configuration;DM1;ENOVIA - DMU REVIEW 1 Configuration;5CC-DM1;ALC;1;RN0000828860;389,23;389,23;Renew 2022;31/12/2022;Fokker Aerostructures Netherlands Use
LN00031154506;NL Papendrecht;KKZ-42661C6F695667C0;CATIA / ENOVIA DMU;V5R20;Configuration;DM1;ENOVIA - DMU REVIEW 1 Configuration;5CC-DM1;ALC;3;RN0000828860;1168,2;1168,2;Renew 2022;31/12/2022;Fokker Aerostructures Netherlands Use
LN00013212656;tbd;;CATIA Composer;V6R2012;Configuration;CPS-C;3DVIA Composer;6CC-CPS-C;ALC;1;RN0000828860;1701,46;1701,46;Renew 2022;31/12/2022;Aerospace IoW
LN00013212657;tbd;;CATIA Composer;V6R2013x;Configuration;CPS-C;3DVIA Composer (Concurrent);6CC-CPS-C;ALC;2;RN0000828860;4234,2;4234,2;Renew 2022;31/12/2022;Aerospace Munchen
LN00031154516;NL Papendrecht;KKZ-42661C6F695667C0;CATIA Composer;V6R2011;Configuration;CPS-C;3DVIA Composer;6CC-CPS-C;ALC;1;RN0000828860;3618,78;3618,78;Renew 2022;31/12/2022;Fokker Aerostructures Netherlands Use
LN00031152495;tbd;;CATIA Composer;V6R2013;Configuration;CPS-C;3DVIA Composer (Concurrent);6CC-CPS-C;ALC;3;RN0000828860;6356,16;6356,16;Renew 2022;31/12/2022;Fokker Elmo Netherlands Use
LN00013212666;tbd;;CATIA Composer;V6R2013x;Configuration;CPS-C;3DVIA Composer (Concurrent);6CC-CPS-C;ALC;1;RN0000828860;2541,78;2541,78;Renew 2022;31/12/2022;Aerospace Filton
LN00013212677;tbd;;CATIA Composer;V6R2012x;Configuration;CPS-C;3DVIA Composer (Concurrent);6CC-CPS-C;ALC;4;RN0000828860;6804,79;6804,79;Renew 2022;31/12/2022;Aerospace Filton
LN00031154628;NL Papendrecht;KKZ-42661C6F695667C0;ENOVIA SmarTeam V5;V5R19;Shareable;CWI;ENOVIA SmarTeam - CATIA Web Integration Product;5CP-CWI;ALC;7;RN0000828860;1393,97;1393,97;Renew 2022;31/12/2022;Fokker Aerostructures Netherlands Use
LN00012854707;tbd;;Special Offers;V6R2012x;Package;DASMS-BASE;DA Suppliers SMS-BASE;6NB-DASMS-BASE;YLC;4;RN0000780808;6625,55;6625,55;Renew 2022;31/12/2022;Aerospace Filton
LN00032680279;NL Papendrecht;KKZ-42661C6F695667C0;Special Offers;V6R2011x;Package;DASMS-BASE;DA Suppliers SMS-BASE;6NB-DASMS-BASE;YLC;6;RN0000780808;10520,7;10520,7;Renew 2022;31/12/2022;Fokker Aerostructures Netherlands Use
LN00031972127;tbd;;Special Offers;V6R2013x;Package;DASMS-BASE;DA Suppliers SMS-BASE;6NB-DASMS-BASE;YLC;2;Dav-YLC V6;2.838;2.838;Renew 2022;17/10/2022;Aerospace Filton
LN00027901784;tbd;;ENOVIA V6;V6R2013x;Named User;VPM;ENOVIA VPM Central;6NP-VPM;YLC;1;Dav-YLC V6;1.020;1.020;Renew 2022;05/09/2022;Aerospace Bangalore
LN00031154600;NL Papendrecht;KKZ-42661C6F695667C0;CATIA V6;V6R2011x;Named User;EHD;CATIA 3D Wire Harness Design;6NP-EHD;ALC;1;RN0000828860;0;0;TOS;31/12/2022;Fokker Aerostructures Netherlands Use
LN00031974426;tbd;;ENOVIA V6;V6R2013x;Named User;CHT;ENOVIA VPM Change Tracking;6NP-CHT;YLC;2;Dav-YLC V6;659;659;Renew 2022;17/10/2022;Aerospace Filton
LN00031154374;tbd;;ENOVIA V6;V6R2013x;Package;DC5;ENOVIA Designer Central for CATIA V5;6NP-DC5;ALC;10;RN0000828860;0;0;TOS;31/12/2022;Fokker Landing Gear
LN00031154388;tbd;;ENOVIA V6;V6R2013x;Package;DC5;ENOVIA Designer Central for CATIA V5;6NP-DC5;ALC;3;RN0000828860;0;0;TOS;31/12/2022;Fokker Landing Gear
LN00031154392;tbd;;ENOVIA V6;V6R2013x;Package;DC5;ENOVIA Designer Central for CATIA V5;6NP-DC5;ALC;3;RN0000828860;0;0;TOS;31/12/2022;Fokker Landing Gear
LN00031154586;NL Papendrecht;KKZ-42661C6F695667C0;ENOVIA V6;V6R2011x;Named User;CPF;ENOVIA Live Collaboration;6NP-CPF;ALC;42;RN0000828860;4137,23;4137,23;Renew 2022;31/12/2022;Fokker Aerostructures Netherlands Use
LN00013212797;tbd;;ENOVIA VPLM V5;V5R21;Configuration;DES;ENOVIA - VPM Product Design Server Configuration;5CC-DES;ALC;23;RN0000828860;0;0;Renew 2022;31/12/2022;Aerospace St Louis
LN00013212884;tbd;;CATIA V4;;Configuration;DET;V4 Transfer without Support;;ALC;1;To be TOS V4 per 1-1-2022;0;0;Renew 2022;No Support;Aerospace Yeovil
LN00031154677;NL Papendrecht;KKZ-42661C6F695667C0;CATIA V4;;Shareable;DEV;V4 Parallel Use;;ALC;1;RN0000828860;;;Renew 2022;31/12/2022;Fokker Aerostructures Netherlands Use
LN00012854692;tbd;;CATIA V4;;Shareable;DEV;V4 Transfer without Support;;ALC;1;To be TOS V4 per 1-1-2022;0;0;Renew 2022;No Support;Aerospace Filton
LN00031154524;NL Papendrecht;KKZ-42661C6F695667C0;ENOVIAvpm;V1R6;Configuration;DEX;ENOVIA.VPM.Engineer Configuration (Concurrent);4CC-DEX;ALC;1;RN0000828860;0;0;TOS;31/12/2022;Fokker Aerostructures Netherlands Use
LN00031154508;NL Papendrecht;KKZ-42661C6F695667C0;CATIA / ENOVIA DMU;V5R20;Configuration;DM1;ENOVIA - DMU REVIEW 1 Configuration;5CC-DM1;ALC;5;RN0000828860;1946,99;1946,99;Renew 2022;31/12/2022;Fokker Aerostructures Netherlands Use
LN00031154510;NL Papendrecht;KKZ-42661C6F695667C0;CATIA / ENOVIA DMU;V5R20;Configuration;DM1;ENOVIA - DMU REVIEW 1 Configuration;5CC-DM1;ALC;5;RN0000828860;1946,99;1946,99;Renew 2022;31/12/2022;Fokker Aerostructures Netherlands Use
LN00031154512;NL Papendrecht;KKZ-42661C6F695667C0;CATIA / ENOVIA DMU;V5R20;Configuration;DM1;ENOVIA - DMU REVIEW 1 Configuration;5CC-DM1;ALC;11;RN0000828860;4184,72;4184,72;Renew 2022;31/12/2022;Fokker Aerostructures Netherlands Use
LN00031154514;NL Papendrecht;KKZ-42661C6F695667C0;CATIA / ENOVIA DMU;V5R20;Configuration;DM1;ENOVIA - DMU REVIEW 1 Configuration;5CC-DM1;ALC;26;RN0000828860;9222;9222;Renew 2022;31/12/2022;Fokker Aerostructures Netherlands Use
LN00031154498;tbd;KKZ-42661C6F695667C0;CATIA / ENOVIA DMU;V5R21;Configuration;DM1;ENOVIA - DMU REVIEW 1 Configuration;5CC-DM1;ALC;1;RN0000828860;0;0;SOS;31/12/2022;Fokker Aerostructures USA Use
LN00031154500;tbd;KKZ-42661C6F695667C0;CATIA / ENOVIA DMU;V5R21;Configuration;DM1;ENOVIA - DMU REVIEW 1 Configuration;5CC-DM1;ALC;1;RN0000828860;0;0;SOS;31/12/2022;Fokker Aerostructures USA Use
LN00031154398;tbd;;CATIA / ENOVIA DMU;V5-6R2015;Configuration;DM1;ENOVIA - DMU REVIEW 1 Configuration;5CC-DM1;ALC;2;RN0000828860;794,04;794,04;Renew 2022;31/12/2022;Fokker Landing Gear
LN00031152407;tbd;;CATIA / ENOVIA DMU;V5R21;Configuration;DM1;ENOVIA - DMU REVIEW 1 Configuration;5CC-DM1;ALC;3;RN0000828860;0;0;SOS;31/12/2022;Fokker Services Netherlands Use
LN00031029730;tbd;;CATIA / ENOVIA DMU;V5-6R2019;Configuration;DM1;ENOVIA - DMU REVIEW 1 Configuration;5CC-DM1;ALC;2;RN0000828860;913,85;913,85;Renew 2022;31/12/2022;Aerospace Bangalore
LN00031307352;tbd;;CATIA / ENOVIA DMU;V5-6R2019;Configuration;DM1;ENOVIA - DMU REVIEW 1 Configuration;5CC-DM1;ALC;1;RN0000828860;380,77;380,77;Renew 2022;31/12/2022;GKN Aerospace North America, Inc
LN00029802269;tbd;;CATIA / ENOVIA DMU;V5-6R2019;Configuration;DM1;ENOVIA - DMU REVIEW 1 Configuration;5CC-DM1;ALC;15;RN0000828860;4321,13;4321,13;Renew 2022;31/12/2022;Aerospace St Louis
LN00029808755;tbd;;CATIA / ENOVIA DMU;V5-6R2019;Configuration;DM1;ENOVIA - DMU REVIEW 1 Configuration;5CC-DM1;ALC;10;RN0000828860;2880,91;2880,91;Renew 2022;31/12/2022;Aerospace St Louis
LN00031907697;tbd;;CATIA / ENOVIA DMU;;Configuration;DM1;ENOVIA - DMU REVIEW 1 Configuration;5CC-DM1;ALC;6;RN0000828860;1889,24;1889,24;Renew 2022;31/12/2022;Aerospace PreMac
LN00013212774;tbd;;CATIA / ENOVIA DMU;V5R21;Configuration;DM2;ENOVIA - DMU REVIEW 2 Configuration;5CC-DM2;ALC;1;RN0000828860;1406,52;1406,52;Renew 2022;31/12/2022;Aerospace Filton
LN00031907703;tbd;;CATIA / ENOVIA DMU;;Add-On;DT1;;5AP-DT1;ALC;2;RN0000828860;503,81;503,81;Renew 2022;31/12/2022;Aerospace PreMac
LN00035679762;tbd;;CATIA V5;V5R20;Add-On;EHF;CATIA - ELECTRICAL HARNESS FLATTENING 2;5AP-EHF;ALC;1;RN0000828860;1738,66;1738,66;Renew 2022;31/12/2022;Aerospace Bangalore
LN00031152455;tbd;;CATIA V5;V5R20;Add-On;EHF;CATIA - ELECTRICAL HARNESS FLATTENING 2;5AP-EHF;ALC;14;RN0000828860;24341,32;24341,32;Renew 2022;31/12/2022;Fokker Elmo Netherlands Use
LN00031152473;tbd;;CATIA V5;V5R20;Add-On;EHF;CATIA - ELECTRICAL HARNESS FLATTENING 2;5AP-EHF;ALC;7;RN0000828860;15533,85;15533,85;Renew 2022;31/12/2022;Fokker Elmo Netherlands Use
LN00031152511;tbd;;CATIA V5;V5R20;Add-On;EHF;CATIA - ELECTRICAL HARNESS FLATTENING 2;5AP-EHF;ALC;2;RN0000828860;4438,24;4438,24;Renew 2022;31/12/2022;Fokker Elmo Netherlands Use
LN00031152411;tbd;;CATIA V5;V5-6R2012;Add-On;EHF;CATIA - ELECTRICAL HARNESS FLATTENING 2;5AP-EHF;ALC;1;RN0000828860;0;0;SOS;31/12/2022;Fokker Services Netherlands Use
LN00031152449;tbd;;CATIA V5;V5R20;Add-On;EHI;CATIA - ELECTRICAL HARNESS INSTALLATION 2 Product;5AP-EHI;ALC;4;RN0000828860;1038,64;1038,64;Renew 2022;31/12/2022;Fokker Elmo Netherlands Use
LN00013212632;tbd;;Special Offers;V5R21;Package;ZAM;AIRBUS MANUFACTURING Package;5OB-ZAM;ALC;4;RN0000828860;12363,57;12363,57;Renew 2022;31/12/2022;Aerospace Alabama
LN00018375170;tbd;;CATIA V5;V5-6R2016;Configuration;AM2;CATIA - DESIGNER & ADVANCED MACHINIST 2 Configuration;5CC-AM2;ALC;2;RN0000828860;7781,57;7781,57;Renew 2022;31/12/2022;Aerospace Bangalore
LN00013212655;tbd;;Special Offers;V5R21;Package;ZAD;AIRBUS DESIGN Package;5OB-ZAD;ALC;1;RN0000828860;1945,29;1945,29;Renew 2022;31/12/2022;Aerospace Bangalore
LN00031152451;tbd;;CATIA V5;V5R20;Add-On;ELB;CATIA - ELECTRICAL LIBRARY 2 Product;5AP-ELB;ALC;4;RN0000828860;1038,64;1038,64;Renew 2022;31/12/2022;Fokker Elmo Netherlands Use
LN00013213009;tbd;;CATIA V5;V5-6R2015;Add-On;FS1;CATIA - FREESTYLE SHAPER 1 Product;5AP-FS1;ALC;1;RN0000828860;0;0;SOS;31/12/2022;Aerospace Munchen
LN00031152433;tbd;;CATIA V5;V5R20;Add-On;FS1;CATIA - FREESTYLE SHAPER 1 Product;5AP-FS1;ALC;4;RN0000828860;1859,43;1859,43;Renew 2022;31/12/2022;Fokker Elmo Netherlands Use
LN00031152391;tbd;;CATIA V5;V5R20;Add-On;FS1;CATIA - FREESTYLE SHAPER 1 Product;5AP-FS1;ALC;6;RN0000828860;0;0;SOS;31/12/2022;Fokker Services Netherlands Use
LN00031154494;NL Papendrecht;KKZ-42661C6F695667C0;CATIA V5;V5R20;Add-On;FSP;CATIA - FREESTYLE PROFILER 2 Product;5AP-FSP;ALC;1;RN0000828860;1404,76;1404,76;Renew 2022;31/12/2022;Fokker Aerostructures Netherlands Use
LN00031154492;NL Papendrecht;KKZ-42661C6F695667C0;CATIA V5;V5R20;Add-On;GAS;CATIA - GENERATIVE ASSEMBLY STRUCTURAL ANALYSIS 2 Product;5AP-GAS;ALC;2;RN0000828860;910,6;910,6;Renew 2022;31/12/2022;Fokker Aerostructures Netherlands Use
LN00031152435;tbd;;CATIA V5;V5R20;Add-On;GAS;CATIA - GENERATIVE ASSEMBLY STRUCTURAL ANALYSIS 2 Product;5AP-GAS;ALC;4;RN0000828860;1859,43;1859,43;Renew 2022;31/12/2022;Fokker Elmo Netherlands Use
LN00031154490;NL Papendrecht;KKZ-42661C6F695667C0;CATIA V5;V5R20;Add-On;GPS;CATIA - GENERATIVE PART STRUCTURAL ANALYSIS 2 Product;5AP-GPS;ALC;2;RN0000828860;910,67;910,67;Renew 2022;31/12/2022;Fokker Aerostructures Netherlands Use
LN00031152437;tbd;;CATIA V5;V5R20;Add-On;GPS;CATIA - GENERATIVE PART STRUCTURAL ANALYSIS 2 Product;5AP-GPS;ALC;4;RN0000828860;1859,43;1859,43;Renew 2022;31/12/2022;Fokker Elmo Netherlands Use
LN00031152439;tbd;;CATIA V5;V5R20;Add-On;GSD;CATIA - GENERATIVE SHAPE DESIGN 2 Product;5AP-GSD;ALC;4;RN0000828860;1859,43;1859,43;Renew 2022;31/12/2022;Fokker Elmo Netherlands Use
LN00018912626;tbd;;CATIA V4;V4R2.5;Shareable;DRA;CATIA.Drafting;4CP-DRA;ALC;1;RN0000828860;0;0;TOS;31/12/2022;Aerospace New York
LN00013212691;tbd;;Special Offers;V5R21;Package;ZAD;AIRBUS DESIGN Package;5OB-ZAD;ALC;2;RN0000828860;3890,58;3890,58;Renew 2022;31/12/2022;Aerospace Bangalore
LN00013212692;tbd;;Special Offers;V5R21;Package;ZAD;AIRBUS DESIGN Package;5OB-ZAD;ALC;2;RN0000828860;3890,58;3890,58;Renew 2022;31/12/2022;Aerospace Bangalore
LN00031154664;NL Papendrecht;KKZ-42661C6F695667C0;ENOVIA MatrixOne;10,8;System;DTE;ENOVIA Collaboration Platform For Development and Test;5MP-DTE;ALC;1;RN0000828860;524,08;524,08;Renew 2022;31/12/2022;Fokker Aerostructures Netherlands Use
LN00031154666;NL Papendrecht;KKZ-42661C6F695667C0;ENOVIA MatrixOne;10,8;System;DTE;ENOVIA Collaboration Platform For Development and Test;5MP-DTE;ALC;6;RN0000828860;3144,44;3144,44;Renew 2022;31/12/2022;Fokker Aerostructures Netherlands Use
LN00031456238;NL Papendrecht;KKZ-42661C6F695667C0;ENOVIA V6;V6R2013x;Named User;CPF;ENOVIA Live Collaboration;6NP-CPF;ALC;50;RN0000828860;9079,4;9079,4;Renew 2022;31/12/2022;Fokker Aerostructures Netherlands Use
LN00031974432;tbd;;ENOVIA V6;V6R2013x;Named User;CPF;ENOVIA Live Collaboration;6NP-CPF;YLC;2;Dav-YLC V6;659;659;Renew 2022;17/10/2022;Aerospace Filton
LN00031154622;NL Papendrecht;KKZ-42661C6F695667C0;ENOVIA V6;V6R2011x;Package;DC5;ENOVIA Designer Central for CATIA V5;6NP-DC5;ALC;30;RN0000828860;0;0;TOS;31/12/2022;Fokker Aerostructures Netherlands Use
LN00031154584;NL Papendrecht;KKZ-42661C6F695667C0;ENOVIA V6;V6R2011x;Named User;DEC;ENOVIA Designer Central;6NP-DEC;ALC;11;RN0000828860;0;0;TOS;31/12/2022;Fokker Aerostructures Netherlands Use
LN00012754788;tbd;;CATIA V4;;Shareable;DXF;V4 Parallel Use;;ALC;9;RN0000828860;;;Renew 2022;31/12/2022;Aerospace Filton
LN00031152479;tbd;;ELECTRE;10,12;Shareable;EDW;ELECTRE DWG In/Out;5CP-EDW;ALC;1;RN0000828860;166,19;166,19;Renew 2022;31/12/2022;Fokker Elmo Netherlands Use
LN00012754795;tbd;;CATIA V4;;Configuration;EEF;V4 Parallel Use;;ALC;2;RN0000828860;;;Renew 2022;31/12/2022;Aerospace Filton
LN00031152516;tbd;;CATIA V4;;Configuration;EEF;V4 Parallel Use;;ALC;11;RN0000828860;;;Renew 2022;31/12/2022;Fokker Elmo Netherlands Use
LN00031152517;tbd;;CATIA V4;;Configuration;EEM;V4 Parallel Use;;ALC;2;RN0000828860;;;Renew 2022;31/12/2022;Fokker Elmo Netherlands Use
LN00031152481;tbd;;ELECTRE;10,12;Shareable;EGO;ELECTRE CGM Out;5CP-EGO;ALC;1;RN0000828860;877,09;877,09;Renew 2022;31/12/2022;Fokker Elmo Netherlands Use
LN00031154598;NL Papendrecht;KKZ-42661C6F695667C0;CATIA V6;V6R2013x;Named User;FSR;CATIA Fastener Design;6NP-FSR;ALC;1;RN0000828860;0;0;TOS;31/12/2022;Fokker Aerostructures Netherlands Use
LN00014288920;tbd;;Special Offers;V5R21;Package;ZAD;AIRBUS DESIGN Package;5OB-ZAD;ALC;1;RN0000828860;1945,39;1945,39;Renew 2022;31/12/2022;Aerospace Bangalore
LN00017913554;tbd;;Special Offers;V5-6R2016;Package;ZAM;AIRBUS MANUFACTURING Package;5OB-ZAM;ALC;1;RN0000828860;3890,98;3890,98;Renew 2022;31/12/2022;Aerospace Bangalore
LN00013212921;tbd;;CATIA V5;V5R21;Configuration;HD2;CATIA - HYBRID DESIGN 2 Configuration;5CC-HD2;ALC;7;RN0000828860;14986,72;14986,72;Renew 2022;31/12/2022;Aerospace Cromwell
LN00013212681;tbd;;Special Offers;V5R21;Package;ZAC;AIRBUS COMPOSITE Package;5OB-ZAC;ALC;16;RN0000828860;72932,68;72932,68;Renew 2022;31/12/2022;Aerospace Filton
LN00013212678;tbd;;Special Offers;V5R21;Package;ZAD;AIRBUS DESIGN Package;5OB-ZAD;ALC;70;RN0000828860;136177,73;136177,73;Renew 2022;31/12/2022;Aerospace Filton
LN00013212680;tbd;;Special Offers;V5R21;Package;ZAH;AIRBUS ADVANCED SHEETMETAL Package;5OB-ZAH;ALC;2;RN0000828860;6825,59;6825,59;Renew 2022;31/12/2022;Aerospace Filton
LN00031152395;tbd;;CATIA V5;V5R20;Add-On;KT1;CATIA - PRODUCT KNOWLEDGE TEMPLATE 1 Product;5AP-KT1;ALC;6;RN0000828860;0;0;SOS;31/12/2022;Fokker Services Netherlands Use
LN00034524751;tbd;KKZ-42661C6F695667C0;CATIA V6;V6R2013x;Shareable;FSR;CATIA Fastener Design;6CP-FSR;ALC;1;TOS per 1-1-2022;0;0;TOS;30-Mar-22;Fokker Engineering Romania
LN00013212689;tbd;;Special Offers;V5R21;Package;MCE;CATIA - Mechanical Product Creation;5AB-MCE;ALC;1;RN0000828860;500,49;500,49;Renew 2022;31/12/2022;Aerospace St Louis
LN00031152483;tbd;;ELECTRE;10,12;Shareable;ELT;ELECTRE;5CP-ELT;ALC;1;RN0000828860;1661,84;1661,84;Renew 2022;31/12/2022;Fokker Elmo Netherlands Use
LN00031152485;tbd;;ELECTRE;10,12;Shareable;ELT;ELECTRE;5CP-ELT;ALC;1;RN0000828860;1246,39;1246,39;Renew 2022;31/12/2022;Fokker Elmo Netherlands Use
LN00031152507;tbd;;ELECTRE;11,2;Shareable;ELT;ELECTRE;5CP-ELT;ALC;4;RN0000828860;7603,23;7603,23;Renew 2022;31/12/2022;Fokker Elmo Netherlands Use
LN00031154671;NL Papendrecht;KKZ-42661C6F695667C0;ENOVIA V6;V6R2011x;System;DTE;ENOVIA Studio Modeling Platform;6MP-DTE;ALC;1;RN0000828860;2443,9;2443,9;Renew 2022;31/12/2022;Fokker Aerostructures Netherlands Use
LN00013212679;tbd;;Special Offers;V5R21;Package;ZAM;AIRBUS MANUFACTURING Package;5OB-ZAM;ALC;21;RN0000828860;64908,75;64908,75;Renew 2022;31/12/2022;Aerospace Filton
LN00013512461;tbd;;Special Offers;V5-6R2015;Package;ZAM;AIRBUS MANUFACTURING Package;5OB-ZAM;ALC;1;RN0000828860;3090,54;3090,54;Renew 2022;31/12/2022;Aerospace Filton
LN00013212786;tbd;;ENOVIA V6;V6R2012x;Named User;DVA;ENOVIA VPM Digital Validation;6NP-DVA;ALC;4;RN0000828860;4883,43;4883,43;Renew 2022;31/12/2022;Aerospace Filton
LN00031154582;NL Papendrecht;KKZ-42661C6F695667C0;ENOVIA V6;V6R2011x;Named User;DVA;ENOVIA VPM Digital Validation;6NP-DVA;ALC;2;RN0000828860;2606,82;2606,82;Renew 2022;31/12/2022;Fokker Aerostructures Netherlands Use
LN00012754790;tbd;;CATIA V4;;Shareable;FDT;V4 Parallel Use;;ALC;7;RN0000828860;;;Renew 2022;31/12/2022;Aerospace Filton
LN00012854691;tbd;;CATIA V4;;Shareable;FEA;V4 Transfer without Support;;ALC;1;To be TOS V4 per 1-1-2022;0;0;Renew 2022;No Support;Aerospace Filton
LN00037300789;tbd;;Special Offers;V5R21;Package;ZAD;AIRBUS DESIGN Package;5OB-ZAD;ALC;4;RN0000828860;7704,52;7704,52;Renew 2022;31/12/2022;Aerospace Bangalore
LN00036121797;tbd;;Special Offers;V5R21;Package;ZAD;AIRBUS DESIGN Package;5OB-ZAD;ALC;3;RN0000828860;5778,4;5778,4;Renew 2022;31/12/2022;Aerospace Bangalore
LN00031152518;tbd;;CATIA V4;;Shareable;FRF;V4 Parallel Use;;ALC;1;RN0000828860;;;Renew 2022;31/12/2022;Fokker Elmo Netherlands Use
LN00013212885;tbd;;CATIA V4;;Shareable;FRF;V4 Transfer without Support;;ALC;1;To be TOS V4 per 1-1-2022;0;0;Renew 2022;No Support;Aerospace Yeovil
LN00012854690;tbd;;CATIA V4;;Shareable;FRF;V4 Transfer without Support;;ALC;1;To be TOS V4 per 1-1-2022;0;0;Renew 2022;No Support;Aerospace Filton
LN00014289368;tbd;;CATIA V5;V5R21;Configuration;HD2;CATIA - HYBRID DESIGN 2 Configuration;5CC-HD2;ALC;1;RN0000828860;0;0;SOS;31/12/2022;Aerospace Garden Grove
PO_A8D0010959;tbd;;CATIA V5;V5R21;Configuration;hd2;CATIA - HYBRID DESIGN 2 Configuration;5CC-HD2;ALC;2;A8D0010959;4671,77;4671,77;Renew 2022;31/12/2022;Aerospace Garden Grove
LN00013212903;tbd;;CATIA V5;V5R21;Configuration;SL3;CATIA - AEROSPACE SHEETMETAL DESIGN 3 Configuration;5CC-SL3;ALC;1;RN0000828860;4804,92;4804,92;Renew 2022;31/12/2022;Aerospace IoW
LN00012854710;tbd;;Special Offers;V5R21;Package;ZAC;AIRBUS COMPOSITE Package;5OB-ZAC;ALC;1;RN0000828860;4558,81;4558,81;Renew 2022;31/12/2022;Aerospace IoW
LN00013212635;tbd;;Special Offers;V5R21;Package;ZAC;AIRBUS COMPOSITE Package;5OB-ZAC;ALC;1;RN0000828860;4558,28;4558,28;Renew 2022;31/12/2022;Aerospace IoW
LN00031972159;tbd;;CATIA V6;V6R2013x;Shareable;FSR;CATIA Fastener Design;6CP-FSR;ALC;1;RN0000828860;0;0;TOS;31/12/2022;Aerospace Filton
LN00031154580;NL Papendrecht;KKZ-42661C6F695667C0;ENOVIA V6;V6R2011x;Named User;ENG;ENOVIA Engineering Central;6NP-ENG;ALC;18;RN0000828860;0;0;TOS;31/12/2022;Fokker Aerostructures Netherlands Use
LN00031351416;tbd;;ENOVIA V6;V6R2013x;Configuration;LIV;ENOVIA 3DLive;6NP-LIV;ALC;2;RN0000828860;129,66;129,66;Renew 2022;31/12/2022;Aerospace Alabama
LN00013212637;tbd;;Special Offers;V5R21;Package;ZAC;AIRBUS COMPOSITE Package;5OB-ZAC;ALC;1;RN0000828860;3572,29;3572,29;Renew 2022;31/12/2022;Aerospace IoW
LN00013212643;tbd;;Special Offers;V5R21;Package;ZAC;AIRBUS COMPOSITE Package;5OB-ZAC;ALC;1;RN0000828860;4558,28;4558,28;Renew 2022;31/12/2022;Aerospace IoW
LN00013212634;tbd;;Special Offers;V5R21;Package;ZAD;AIRBUS DESIGN Package;5OB-ZAD;ALC;3;RN0000828860;5836,18;5836,18;Renew 2022;31/12/2022;Aerospace IoW
LN00013212636;tbd;;Special Offers;V5R21;Package;ZAM;AIRBUS MANUFACTURING Package;5OB-ZAM;ALC;3;RN0000828860;9272,49;9272,49;Renew 2022;31/12/2022;Aerospace IoW
LN00013212872;tbd;;CATIA V5;V5-6R2013;Configuration;HD2;CATIA - HYBRID DESIGN 2 Configuration;5CC-HD2;ALC;3;RN0000828860;0;0;SOS;31/12/2022;Aerospace Munchen
LN00013212928;tbd;;CATIA V5;V5R21;Configuration;MD1;CATIA - MECHANICAL DESIGN 1 Configuration;5CC-MD1;ALC;1;RN0000828860;1069,11;1069,11;Renew 2022;31/12/2022;Aerospace Munchen
LN00031154530;NL Papendrecht;KKZ-42661C6F695667C0;CATIA V5;V5R20;Configuration;RE2;CATIA - REVERSE ENGINEERING 2 Configuration;5CC-RE2;ALC;1;RN0000828860;3736,44;3736,44;Renew 2022;31/12/2022;Fokker Aerostructures Netherlands Use
LN00031154488;NL Papendrecht;KKZ-42661C6F695667C0;CATIA V5;V5R20;Add-On;SH1;CATIA - SHEETMETAL PRODUCTION 1 Product;5AP-SH1;ALC;2;RN0000828860;910,67;910,67;Renew 2022;31/12/2022;Fokker Aerostructures Netherlands Use
LN00031152443;tbd;;CATIA V5;V5R20;Add-On;SH1;CATIA - SHEETMETAL PRODUCTION 1 Product;5AP-SH1;ALC;4;RN0000828860;1859,43;1859,43;Renew 2022;31/12/2022;Fokker Elmo Netherlands Use
LN00013212662;tbd;;Special Offers;V5R21;Package;ZAC;AIRBUS COMPOSITE Package;5OB-ZAC;ALC;1;RN0000828860;5675,73;5675,73;Renew 2022;31/12/2022;Aerospace Munchen
LN00031154486;NL Papendrecht;KKZ-42661C6F695667C0;CATIA V5;V5R20;Add-On;SMD;CATIA - SHEETMETAL DESIGN 2 Product;5AP-SMD;ALC;2;RN0000828860;910,63;910,63;Renew 2022;31/12/2022;Fokker Aerostructures Netherlands Use
LN00031152445;tbd;;CATIA V5;V5R20;Add-On;SMD;CATIA - SHEETMETAL DESIGN 2 Product;5AP-SMD;ALC;4;RN0000828860;1859,43;1859,43;Renew 2022;31/12/2022;Fokker Elmo Netherlands Use
LN00031907705;tbd;;CATIA / ENOVIA DMU;;Add-On;SP1;;5AP-SP1;ALC;4;RN0000828860;1259,49;1259,49;Renew 2022;31/12/2022;Aerospace PreMac
LN00031152447;tbd;;CATIA / ENOVIA DMU;V5R20;Add-On;SPA;DMU SPACE ANALYSIS 2 Product;5AP-SPA;ALC;4;RN0000828860;1859,43;1859,43;Renew 2022;31/12/2022;Fokker Elmo Netherlands Use
LN00031154678;NL Papendrecht;KKZ-42661C6F695667C0;CATIA V4;;Shareable;GCC;V4 Parallel Use;;ALC;1;RN0000828860;;;Renew 2022;31/12/2022;Fokker Aerostructures Netherlands Use
LN00031154679;NL Papendrecht;KKZ-42661C6F695667C0;CATIA V4;;Shareable;GCM;V4 Parallel Use;;ALC;1;RN0000828860;;;Renew 2022;31/12/2022;Fokker Aerostructures Netherlands Use
LN00013212909;tbd;;CATIA V4;V4R2.5;Shareable;GEO;CATIA.Geodesic;4CP-GEO;ALC;1;RN0000828860;0;0;TOS;31/12/2022;Aerospace St Louis
LN00031154680;NL Papendrecht;KKZ-42661C6F695667C0;CATIA V4;;Shareable;GEO;V4 Parallel Use;;ALC;4;RN0000828860;;;Renew 2022;31/12/2022;Fokker Aerostructures Netherlands Use
LN00012854686;tbd;;CATIA V4;;Shareable;GEO;V4 Transfer without Support;;ALC;2;To be TOS V4 per 1-1-2022;0;0;Renew 2022;No Support;Aerospace Filton
LN00013212880;tbd;;CATIA V5;V5R21;Add-On;ST1;CATIA - STEP CORE INTERFACE 1 Product;5AP-ST1;ALC;2;RN0000828860;973,19;973,19;Renew 2022;31/12/2022;Aerospace Cromwell
LN00031152515;tbd;;CATIA V5;V5R21;Add-On;ST1;CATIA - STEP CORE INTERFACE 1 Product;5AP-ST1;ALC;1;RN0000828860;807,96;807,96;Renew 2022;31/12/2022;Fokker Elmo Netherlands Use
LN00012754796;tbd;;CATIA V4;;Shareable;GSA;V4 Parallel Use;;ALC;2;RN0000828860;;;Renew 2022;31/12/2022;Aerospace Filton
LN00031154681;NL Papendrecht;KKZ-42661C6F695667C0;CATIA V4;;Shareable;GSA;V4 Parallel Use;;ALC;4;RN0000828860;;;Renew 2022;31/12/2022;Fokker Aerostructures Netherlands Use
LN00027652933;tbd;;CATIA V5;V5-6R2018;Add-On;ST1;CATIA - STEP CORE INTERFACE 1 Product;5AP-ST1;ALC;1;RN0000828860;573,68;573,68;Renew 2022;31/12/2022;Aerospace Filton
LN00032016014;tbd;;CATIA V5;;Add-On;ST1;;5AP-ST1;ALC;1;RN0000828860;585,39;585,39;Renew 2022;31/12/2022;Aerospace Filton
LN00031154682;NL Papendrecht;KKZ-42661C6F695667C0;CATIA V4;;Shareable;GSM;V4 Parallel Use;;ALC;1;RN0000828860;;;Renew 2022;31/12/2022;Fokker Aerostructures Netherlands Use
LN00014360545;tbd;;CATIA V5;V5-6R2015;Add-On;SXT;CATIA - EXTENDED STEP INTERFACE 2 Product;5AP-SXT;ALC;2;RN0000828860;1002,25;1002,25;Renew 2022;31/12/2022;Aerospace Orangeburg
LN00013212674;tbd;;DELMIA V5;V5R21;Package;GTS;DELMIA - Geometry Tool Set;5AB-GTS;ALC;2;RN0000828860;2057,38;2057,38;Renew 2022;31/12/2022;Aerospace Filton
PO_A8D0010959;tbd;;CATIA V5;V5R21;Configuration;xm2;CATIA - EXTENDED MECHANICAL DESIGN 2 Configuration;5CC-XM2;ALC;1;A8D0010959;1908,18;1908,18;Renew 2022;31/12/2022;Aerospace Garden Grove
LN00031899624;tbd;;Special Offers;V5-6R2020;Package;ZAC;AIRBUS COMPOSITE Package;5OB-ZAC;ALC;1;RN0000828860;5469,95;5469,95;Renew 2022;31/12/2022;Aerospace Munchen
LN00013212658;tbd;;Special Offers;V5-6R2013;Package;ZAD;AIRBUS DESIGN Package;5OB-ZAD;ALC;2;RN0000828860;4855,46;4855,46;Renew 2022;31/12/2022;Aerospace Munchen
LN00013212659;tbd;;Special Offers;V5-6R2013;Package;ZAD;AIRBUS DESIGN Package;5OB-ZAD;ALC;1;RN0000828860;2427,72;2427,72;Renew 2022;31/12/2022;Aerospace Munchen
LN00013212660;tbd;;Special Offers;V5-6R2013;Package;ZAM;AIRBUS MANUFACTURING Package;5OB-ZAM;ALC;1;RN0000828860;3848,07;3848,07;Renew 2022;31/12/2022;Aerospace Munchen
LN00031351424;tbd;;CATIA V6;V6R2013x;Named User;MDE;CATIA Mechanical Design;6NP-MDE;ALC;2;RN0000828860;3908,3;3908,3;Renew 2022;31/12/2022;Aerospace Alabama
LN00027901778;tbd;;CATIA V6;V6R2013x;Named User;MDE;CATIA Mechanical Design;6NP-MDE;YLC;1;Dav-YLC V6;6.135;6.135;Renew 2022;05/09/2022;Aerospace Bangalore
LN00013212661;tbd;;Special Offers;V5-6R2013;Package;ZAM;AIRBUS MANUFACTURING Package;5OB-ZAM;ALC;1;RN0000828860;3848,07;3848,07;Renew 2022;31/12/2022;Aerospace Munchen
LN00018912497;tbd;;CATIA V5;V5-6R2016;Configuration;AM2;CATIA - DESIGNER & ADVANCED MACHINIST 2 Configuration;5CC-AM2;ALC;5;RN0000828860;19972,98;19972,98;Renew 2022;31/12/2022;Aerospace New York
LN00018912916;tbd;;CATIA V5;V5-6R2016;Configuration;MD1;CATIA - MECHANICAL DESIGN 1 Configuration;5CC-MD1;ALC;8;RN0000828860;8887,98;8887,98;Renew 2022;31/12/2022;Aerospace New York
LN00018912937;tbd;;CATIA V5;V5-6R2016;Configuration;MD2;CATIA - MECHANICAL DESIGN 2 Configuration;5CC-MD2;ALC;7;RN0000828860;12233,46;12233,46;Renew 2022;31/12/2022;Aerospace New York
LN00013212889;tbd;;CATIA V4;;Shareable;IGES;V4 without Support;;alc;1;To be TOS V4 per 1-1-2022;0;0;Renew 2022;No Support;Aerospace Yeovil
LN00018912901;tbd;;CATIA V4;V4R2.5;Shareable;IGI;CATIA.IGES Interface;4CP-IGI;ALC;1;RN0000828860;0;0;TOS;31/12/2022;Aerospace New York
LN00013212886;tbd;;CATIA V4;;Shareable;IGI;V4 Transfer without Support;;ALC;1;To be TOS V4 per 1-1-2022;0;0;Renew 2022;No Support;Aerospace Yeovil
LN00012854689;tbd;;CATIA V4;;Shareable;IGI;V4 Transfer without Support;;ALC;1;To be TOS V4 per 1-1-2022;0;0;Renew 2022;No Support;Aerospace Filton
LN00013212910;tbd;;CATIA V4;V4R2.5;Shareable;IGS;CATIA.IGES Integrated Interface;4CP-IGS;ALC;1;RN0000828860;0;0;TOS;31/12/2022;Aerospace St Louis
LN00012754794;tbd;;CATIA V4;;Shareable;IGS;V4 Parallel Use;;ALC;9;RN0000828860;;;Renew 2022;31/12/2022;Aerospace Filton
LN00012754799;tbd;;CATIA V4;;Shareable;IGS;V4 Parallel Use;;ALC;1;RN0000828860;;;Renew 2022;31/12/2022;Aerospace Munchen
LN00031154683;NL Papendrecht;KKZ-42661C6F695667C0;CATIA V4;;Shareable;IGS;V4 Parallel Use;;ALC;1;RN0000828860;;;Renew 2022;31/12/2022;Fokker Aerostructures Netherlands Use
LN00031152519;tbd;;CATIA V4;;Shareable;IGS;V4 Parallel Use;;ALC;1;RN0000828860;;;Renew 2022;31/12/2022;Fokker Elmo Netherlands Use
LN00012854684;tbd;;CATIA V4;;Shareable;IGS;V4 Transfer without Support;;ALC;1;To be TOS V4 per 1-1-2022;0;0;Renew 2022;No Support;Aerospace Filton
LN00012854688;tbd;;CATIA V4;;Shareable;IMD;V4 Transfer without Support;;ALC;1;To be TOS V4 per 1-1-2022;0;0;Renew 2022;No Support;Aerospace Filton
LN00018912906;tbd;;CATIA V4;V4R2.5;Shareable;IPA;CATIA.Inspection Planning Assistant;4CP-IPA;ALC;1;RN0000828860;0;0;TOS;31/12/2022;Aerospace New York
LN00031154658;NL Papendrecht;KKZ-42661C6F695667C0;CATIA V4;V4R2.5;Shareable;IUE;CADAM IUE;4CP-IUE;ALC;1;RN0000828860;0;0;TOS;31/12/2022;Fokker Aerostructures Netherlands Use
LN00014360539;tbd;;CATIA V5;V5-6R2015;Configuration;HD2;CATIA - HYBRID DESIGN 2 Configuration;5CC-HD2;ALC;2;RN0000828860;4403,9;4403,9;Renew 2022;31/12/2022;Aerospace Orangeburg
LN00031907695;tbd;;CATIA V5;;Configuration;AM2;CATIA - DESIGNER & ADVANCED MACHINIST 2 Configuration;5CC-AM2;ALC;6;RN0000828860;24182,18;24182,18;Renew 2022;31/12/2022;Aerospace PreMac
LN00031907713;tbd;;CATIA V5;;Configuration;AM2;CATIA - DESIGNER & ADVANCED MACHINIST 2 Configuration;5CC-AM2;ALC;1;RN0000828860;4092;4092;Renew 2022;31/12/2022;Aerospace PreMac
LN00031154684;NL Papendrecht;KKZ-42661C6F695667C0;CATIA V4;;Shareable;KIN;V4 Parallel Use;;ALC;2;RN0000828860;0;0;TOS;31/12/2022;Fokker Aerostructures Netherlands Use
LN00031907711;tbd;;CATIA V5;;Configuration;HD2;;5CC-HD2;ALC;3;RN0000828860;0;0;SOS;31/12/2022;Aerospace PreMac
LN00014289366;tbd;;CATIA V5;V5R21;Configuration;HD2;CATIA - HYBRID DESIGN 2 Configuration;5CC-HD2;ALC;5;RN0000828860;10704,78;10704,78;Renew 2022;31/12/2022;Aerospace Santa Ana
LN00011748051;tbd;;CATIA V5;V5R21;Configuration;AM2;;5CC-AM2;ALC;1;Chemtronics ALC;898,22;3.593;Renew 2022;05/09/2022;Aerospace Santa Ana
LN00031154668;NL Papendrecht;KKZ-42661C6F695667C0;ENOVIA V6;V6R2011x;System;FCS;ENOVIA File Collaboration Server;6MP-FCS;ALC;1;RN0000828860;0;0;TOS;31/12/2022;Fokker Aerostructures Netherlands Use
LN00031154670;NL Papendrecht;KKZ-42661C6F695667C0;ENOVIA V6;V6R2011x;System;FCS;ENOVIA File Collaboration Server;6MP-FCS;ALC;3;RN0000828860;0;0;TOS;31/12/2022;Fokker Aerostructures Netherlands Use
LN00031154578;NL Papendrecht;KKZ-42661C6F695667C0;ENOVIA V6;V6R2011x;Named User;LBC;ENOVIA Library Central;6NP-LBC;ALC;1;RN0000828860;0;0;TOS;31/12/2022;Fokker Aerostructures Netherlands Use
LN00031154574;NL Papendrecht;KKZ-42661C6F695667C0;ENOVIA V6;V6R2011x;Named User;LCV;ENOVIA Live Collaborative Review;6NP-LCV;ALC;1;RN0000828860;0;0;TOS;31/12/2022;Fokker Aerostructures Netherlands Use
LN00031154576;NL Papendrecht;KKZ-42661C6F695667C0;ENOVIA V6;V6R2011x;Named User;LCV;ENOVIA Live Collaborative Review;6NP-LCV;ALC;50;RN0000828860;0;0;TOS;31/12/2022;Fokker Aerostructures Netherlands Use
LN00031154572;NL Papendrecht;KKZ-42661C6F695667C0;ENOVIA V6;V6R2011x;Named User;LIB;ENOVIA Library Experience;6NP-LIB;ALC;40;RN0000828860;1576,3;1576,3;Renew 2022;31/12/2022;Fokker Aerostructures Netherlands Use
LN00031974428;tbd;;ENOVIA V6;V6R2013x;Named User;LIB;ENOVIA Library Experience;6NP-LIB;YLC;2;Dav-YLC V6;264;264;Renew 2022;17/10/2022;Aerospace Filton
LN00031154520;NL Papendrecht;KKZ-42661C6F695667C0;ENOVIA V6;V6R2011x;Configuration;LIV;ENOVIA 3DLive Configuration;6NP-LIV;ALC;1;RN0000828860;49,26;49,26;Renew 2022;31/12/2022;Fokker Aerostructures Netherlands Use
LN00013212779;tbd;;CATIA V6;V6R2012x;Named User;MDE;CATIA Mechanical Design;6NP-MDE;ALC;4;RN0000828860;6628,31;6628,31;Renew 2022;31/12/2022;Aerospace Filton
LN00031154522;NL Papendrecht;KKZ-42661C6F695667C0;ENOVIA V6;V6R2011x;Configuration;LIV;ENOVIA 3DLive Configuration;6NP-LIV;ALC;50;RN0000828860;2462,64;2462,64;Renew 2022;31/12/2022;Fokker Aerostructures Netherlands Use
LN00031974424;tbd;;CATIA V6;V6R2013x;Named User;MDE;CATIA Mechanical Design;6NP-MDE;YLC;2;Dav-YLC V6;9.922;9.922;Renew 2022;17/10/2022;Aerospace Filton
LN00018912911;tbd;;Very Limited Availability;V4R2.5;Configuration;MAM;CATIA.MFG.Advanced Form Milling;4CC-MAM;ALC;2;RN0000828860;0;0;TOS;31/12/2022;Aerospace New York
LN00013212665;tbd;;CATIA V4;;Configuration;MAM;V4 without Support;;alc;1;To be TOS V4 per 1-1-2022;0;0;Renew 2022;No Support;Aerospace Yeovil
LN00006611066;tbd;;CATIA V5;V5R21;Configuration;HD2;;5CC-HD2;ALC;2;Chemtronics ALC;1234,78;4.939;Renew 2022;05/09/2022;Aerospace Santa Ana
LN00011748055;tbd;;CATIA V5;V5R21;Configuration;MD1;;5CC-MD1;ALC;1;Chemtronics ALC;249,84;999;Renew 2022;05/09/2022;Aerospace Santa Ana
LN00011748053;tbd;;CATIA V5;V5R21;Configuration;MD2;;5CC-MD2;ALC;2;Chemtronics ALC;785,80;3.143;Renew 2022;05/09/2022;Aerospace Santa Ana
LN00009217226;tbd;;Special Offers;V5R21;Configuration;ZAD;;5OB-ZAD;ALC;2;Chemtronics ALC;1234,13;4.937;Renew 2022;05/09/2022;Aerospace Santa Ana
LN00013212914;tbd;;CATIA V5;V5R21;Configuration;AM2;CATIA - DESIGNER & ADVANCED MACHINIST 2 Configuration;5CC-AM2;ALC;24;RN0000828860;74738,91;74738,91;Renew 2022;31/12/2022;Aerospace St Louis
LN00013212920;tbd;;CATIA V5;V5R21;Configuration;HD2;CATIA - HYBRID DESIGN 2 Configuration;5CC-HD2;ALC;10;RN0000828860;21409,6;21409,6;Renew 2022;31/12/2022;Aerospace St Louis
LN00013212687;tbd;;Special Offers;V5R21;Package;ZAC;AIRBUS COMPOSITE Package;5OB-ZAC;ALC;5;RN0000828860;22791,47;22791,47;Renew 2022;31/12/2022;Aerospace St Louis
LN00025061431;tbd;;Special Offers;V5-6R2018;Package;ZAD;AIRBUS DESIGN Package;5OB-ZAD;ALC;6;RN0000828860;11332,39;11332,39;Renew 2022;31/12/2022;Aerospace St Louis
LN00029802381;tbd;;Special Offers;V5-6R2019;Package;ZAD;AIRBUS DESIGN Package;5OB-ZAD;ALC;10;RN0000828860;16342,59;16342,59;Renew 2022;31/12/2022;Aerospace St Louis
LN00031154532;tbd;KKZ-42661C6F695667C0;CATIA V5;V5R21;Configuration;MD2;CATIA - MECHANICAL DESIGN 2 Configuration;5CC-MD2;ALC;1;RN0000828860;1976,76;1976,76;Renew 2022;31/12/2022;Fokker Aerostructures Mexico Use
LN00031154542;NL Papendrecht;KKZ-42661C6F695667C0;CATIA V5;V5R20;Configuration;HD2;CATIA - HYBRID DESIGN 2 Configuration;5CC-HD2;ALC;1;RN0000828860;0;0;SOS;31/12/2022;Fokker Aerostructures Netherlands Use
LN00031154534;NL Papendrecht;KKZ-42661C6F695667C0;CATIA V5;V5R20;Configuration;MD2;CATIA - MECHANICAL DESIGN 2 Configuration;5CC-MD2;ALC;2;RN0000828860;3953,04;3953,04;Renew 2022;31/12/2022;Fokker Aerostructures Netherlands Use
LN00031154536;NL Papendrecht;KKZ-42661C6F695667C0;CATIA V5;V5R20;Configuration;MD2;CATIA - MECHANICAL DESIGN 2 Configuration;5CC-MD2;ALC;2;RN0000828860;910,67;910,67;Renew 2022;31/12/2022;Fokker Aerostructures Netherlands Use
LN00031154538;NL Papendrecht;KKZ-42661C6F695667C0;CATIA V5;V5R20;Configuration;MD2;CATIA - MECHANICAL DESIGN 2 Configuration;5CC-MD2;ALC;4;RN0000828860;7906,05;7906,05;Renew 2022;31/12/2022;Fokker Aerostructures Netherlands Use
LN00031154540;NL Papendrecht;KKZ-42661C6F695667C0;CATIA V5;V5R20;Configuration;MD2;CATIA - MECHANICAL DESIGN 2 Configuration;5CC-MD2;ALC;12;RN0000828860;22889,87;22889,87;Renew 2022;31/12/2022;Fokker Aerostructures Netherlands Use
LN00031154596;NL Papendrecht;KKZ-42661C6F695667C0;CATIA V6;V6R2011x;Named User;MDE;CATIA Mechanical Design;6NP-MDE;ALC;7;RN0000828860;12374,62;12374,62;Renew 2022;31/12/2022;Fokker Aerostructures Netherlands Use
LN00013212789;tbd;;ENOVIA V6;V6R2012x;Configuration;LIV;ENOVIA 3DLive Configuration;6NP-LIV;ALC;4;RN0000828860;186,15;186,15;Renew 2022;31/12/2022;Aerospace Filton
LN00013212799;tbd;;ENOVIA VPLM V5;V5R21;Configuration;MGR;ENOVIA - Professional User Configuration;5CC-MGR;ALC;2;RN0000828860;938,41;938,41;Renew 2022;31/12/2022;Aerospace St Louis
LN00027220140;tbd;;DELMIA V5;V5-6R2017;Shareable;MK1;DELMIA - PRODUCT KNOWLEDGE TEMPLATE 1 Product;5CP-MK1;ALC;1;RN0000828860;1574,38;1574,38;Renew 2022;31/12/2022;Aerospace Filton
LN00013212638;tbd;;DELMIA V5;V5R21;Add-On;MNV;DELMIA - DMU Navigator 2 Product;5AP-MNV;ALC;1;RN0000828860;644,33;644,33;Renew 2022;31/12/2022;Aerospace IoW
LN00013212668;tbd;;DELMIA V5;V5R21;Add-On;MNV;DELMIA - DMU Navigator 2 Product;5AP-MNV;ALC;6;RN0000828860;3866,03;3866,03;Renew 2022;31/12/2022;Aerospace Filton
LN00013212639;tbd;;DELMIA V5;V5R21;Configuration;MP2;DELMIA - Machining Shop 2 Configuration;5CC-MP2;ALC;1;RN0000828860;1187,49;1187,49;Renew 2022;31/12/2022;Aerospace IoW
LN00013212669;tbd;;DELMIA V5;V5R21;Configuration;MP2;DELMIA - Machining Shop 2 Configuration;5CC-MP2;ALC;2;RN0000828860;2373,88;2373,88;Renew 2022;31/12/2022;Aerospace Filton
LN00031154610;NL Papendrecht;KKZ-42661C6F695667C0;Special Offers;V5R20;Package;ZAC;AIRBUS COMPOSITE Package;5OB-ZAC;ALC;6;RN0000828860;33406,71;33406,71;Renew 2022;31/12/2022;Fokker Aerostructures Netherlands Use
LN00013212640;tbd;;DELMIA V5;V5R21;Add-On;MPR;DELMIA - Composite Review 2 Product;5AP-MPR;ALC;1;RN0000828860;508,7;508,7;Renew 2022;31/12/2022;Aerospace IoW
LN00013212670;tbd;;DELMIA V5;V5R21;Add-On;MPR;DELMIA - Composite Review 2 Product;5AP-MPR;ALC;6;RN0000828860;3052,14;3052,14;Renew 2022;31/12/2022;Aerospace Filton
LN00013212641;tbd;;DELMIA V5;V5R21;Add-On;MPS;DELMIA - NC MACHINE TOOL SIMULATION 2 Product;5AP-MPS;ALC;1;RN0000828860;644,33;644,33;Renew 2022;31/12/2022;Aerospace IoW
LN00013212671;tbd;;DELMIA V5;V5R21;Add-On;MPS;DELMIA - NC MACHINE TOOL SIMULATION 2 Product;5AP-MPS;ALC;6;RN0000828860;3866,03;3866,03;Renew 2022;31/12/2022;Aerospace Filton
LN00013212642;tbd;;DELMIA V5;V5R21;Add-On;MSA;DELMIA - DMU Space Analysis 2 Product;5AP-MSA;ALC;1;RN0000828860;644,33;644,33;Renew 2022;31/12/2022;Aerospace IoW
LN00013212672;tbd;;DELMIA V5;V5R21;Add-On;MSA;DELMIA - DMU Space Analysis 2 Product;5AP-MSA;ALC;6;RN0000828860;3866,03;3866,03;Renew 2022;31/12/2022;Aerospace Filton
LN00012754785;tbd;;CATIA V4;;Configuration;MUM;V4 Parallel Use;;ALC;15;RN0000828860;;;Renew 2022;31/12/2022;Aerospace Filton
LN00031154685;NL Papendrecht;KKZ-42661C6F695667C0;CATIA V4;;Configuration;MUM;V4 Parallel Use;;ALC;4;RN0000828860;;;Renew 2022;31/12/2022;Fokker Aerostructures Netherlands Use
LN00031154686;NL Papendrecht;KKZ-42661C6F695667C0;CATIA V4;;Shareable;N4D;V4 Parallel Use;;ALC;1;RN0000828860;;;Renew 2022;31/12/2022;Fokker Aerostructures Netherlands Use
LN00031152520;tbd;;CATIA V4;;Shareable;N4D;V4 Parallel Use;;ALC;1;RN0000828860;;;Renew 2022;31/12/2022;Fokker Elmo Netherlands Use
LN00012754791;tbd;;CATIA V4;;Shareable;NC3;V4 Parallel Use;;ALC;5;RN0000828860;;;Renew 2022;31/12/2022;Aerospace Filton
LN00013212911;tbd;;CATIA V4;V4R2.5;Shareable;NC5;CATIA.Multiple Axis Milling;4CP-NC5;ALC;1;RN0000828860;0;0;TOS;31/12/2022;Aerospace St Louis
LN00012754798;tbd;;CATIA V4;;Shareable;NC5;V4 Parallel Use;;ALC;5;RN0000828860;;;Renew 2022;31/12/2022;Aerospace Filton
LN00031154687;NL Papendrecht;KKZ-42661C6F695667C0;CATIA V4;;Shareable;NC5;V4 Parallel Use;;ALC;4;RN0000828860;;;Renew 2022;31/12/2022;Fokker Aerostructures Netherlands Use
LN00013212912;tbd;;CATIA V4;V4R2.5;Shareable;NCB;CATIA.Manufacturing Infrastructure;4CP-NCB;ALC;1;RN0000828860;0;0;TOS;31/12/2022;Aerospace St Louis
LN00012754787;tbd;;CATIA V4;;Shareable;NCB;V4 Parallel Use;;ALC;2;RN0000828860;;;Renew 2022;31/12/2022;Aerospace Filton
LN00031154688;NL Papendrecht;KKZ-42661C6F695667C0;CATIA V4;;Shareable;NCB;V4 Parallel Use;;ALC;4;RN0000828860;;;Renew 2022;31/12/2022;Fokker Aerostructures Netherlands Use
LN00012754786;tbd;;CATIA V4;;Shareable;NCR;V4 Parallel Use;;ALC;5;RN0000828860;;;Renew 2022;31/12/2022;Aerospace Filton
LN00031154484;NL Papendrecht;KKZ-42661C6F695667C0;DELMIA V5;V5R17;Add-On;OLP;DELMIA - Robotics OLP 2 Product;5AP-OLP;ALC;1;RN0000828860;1556,85;1556,85;Renew 2022;31/12/2022;Fokker Aerostructures Netherlands Use
LN00013212673;tbd;;DELMIA V5;V5R21;Add-On;OLP;DELMIA - Robotics OLP 2 Product;5AP-OLP;ALC;2;RN0000828860;2555,85;2555,85;Renew 2022;31/12/2022;Aerospace Filton
LN00013212887;tbd;;CATIA V4;;Shareable;PBG;V4 Transfer without Support;;ALC;1;To be TOS V4 per 1-1-2022;0;0;Renew 2022;No Support;Aerospace Yeovil
LN00031974431;tbd;;ENOVIA V6;V6R2013x;Configuration;LIV;ENOVIA 3DLive;6NP-LIV;YLC;2;Dav-YLC V6;330;330;Renew 2022;17/10/2022;Aerospace Filton
LN00031154570;NL Papendrecht;KKZ-42661C6F695667C0;ENOVIA V6;V6R2011x;Named User;PGE;ENOVIA Program Experience;6NP-PGE;ALC;40;RN0000828860;1576,3;1576,3;Renew 2022;31/12/2022;Fokker Aerostructures Netherlands Use
LN00035122600;NL Papendrecht;KKZ-42661C6F695667C0;Special Offers;V5R20;Package;ZAC;AIRBUS COMPOSITE Package;5OB-ZAC;ALC;1;RN0000828860;5679,15;5679,15;Renew 2022;31/12/2022;Fokker Aerostructures Netherlands Use
LN00031154618;NL Papendrecht;KKZ-42661C6F695667C0;Special Offers;V5R20;Package;ZAD;AIRBUS DESIGN Package;5OB-ZAD;ALC;45;RN0000828860;106920,11;106920,11;Renew 2022;31/12/2022;Fokker Aerostructures Netherlands Use
LN00031154554;NL Papendrecht;KKZ-42661C6F695667C0;ENOVIA MatrixOne;10,7;Named User;PLF;MatrixOne Platform;5NP-PLF;ALC;17;RN0000828860;3025,28;3025,28;Renew 2022;31/12/2022;Fokker Aerostructures Netherlands Use
LN00031154556;NL Papendrecht;KKZ-42661C6F695667C0;ENOVIA MatrixOne;10,7;Named User;PLF;MatrixOne Platform;5NP-PLF;ALC;168;RN0000828860;15039,62;15039,62;Renew 2022;31/12/2022;Fokker Aerostructures Netherlands Use
LN00031154558;NL Papendrecht;KKZ-42661C6F695667C0;ENOVIA MatrixOne;10,7;Named User;PLF;MatrixOne Platform;5NP-PLF;ALC;168;RN0000828860;17722,52;17722,52;Renew 2022;31/12/2022;Fokker Aerostructures Netherlands Use
LN00031154560;NL Papendrecht;KKZ-42661C6F695667C0;ENOVIA MatrixOne;10,7;Named User;PLF;MatrixOne Platform;5NP-PLF;ALC;226;RN0000828860;29675,21;29675,21;Renew 2022;31/12/2022;Fokker Aerostructures Netherlands Use
LN00031154612;NL Papendrecht;KKZ-42661C6F695667C0;Special Offers;V5R20;Package;ZAH;AIRBUS ADVANCED SHEETMETAL Package;5OB-ZAH;ALC;1;RN0000828860;4141,95;4141,95;Renew 2022;31/12/2022;Fokker Aerostructures Netherlands Use
LN00031154614;NL Papendrecht;KKZ-42661C6F695667C0;Special Offers;V5R20;Package;ZAH;AIRBUS ADVANCED SHEETMETAL Package;5OB-ZAH;ALC;4;RN0000828860;16567,78;16567,78;Renew 2022;31/12/2022;Fokker Aerostructures Netherlands Use
LN00031154616;NL Papendrecht;KKZ-42661C6F695667C0;Special Offers;V5R20;Package;ZAM;AIRBUS MANUFACTURING Package;5OB-ZAM;ALC;19;RN0000828860;71714,76;71714,76;Renew 2022;31/12/2022;Fokker Aerostructures Netherlands Use
LN00036121787;tbd;;Special Offers;V5R20;Package;ZAD;AIRBUS DESIGN Package;5OB-ZAD;ALC;3;RN0000828860;7057,44;7057,44;Renew 2022;31/12/2022;Aerospace Bangalore
LN00031152453;tbd;;CATIA V5;V5R20;Configuration;EI2;CATIA - ELECTRICAL WIRE HARNESS INSTALLATION 2 Configuration;5CC-EI2;ALC;3;RN0000828860;15648,63;15648,63;Renew 2022;31/12/2022;Fokker Elmo Netherlands Use
LN00032956620;tbd;;SIMULIA Abaqus Unified FEA;Abaqus 2019;Shareable;QAX;SIMULIA Abaqus/CAE Extended;5CP-QAX;YLC;1;RN0000785883;9.167,77;9.167,77;Renew 2022;31/12/2022;Fokker Landing Gear
LN00032956617;tbd;;SIMULIA Abaqus Unified FEA;Abaqus 2019;Shareable;QAX;SIMULIA Abaqus/CAE;5CP-QAE;ALC;1;RN0000785883;6048,89;6048,89;Renew 2022;31/12/2022;Fokker Landing Gear
LN00032852861;NL Papendrecht;KKZ-42661C6F695667C0;SIMULIA Abaqus Unified FEA;Abaqus 2019;Shareable;QCI;SIMULIA Abaqus/CAE Associative Interface for CATIA V5-6R2015;5CP-QCI;YLC;1;RN0000785883;2.261,39;2.261,39;Renew 2022;31/12/2022;Fokker Aerostructures Netherlands Use
LN00032956621;tbd;;SIMULIA Abaqus Unified FEA;Abaqus 2019;Shareable;QCI;SIMULIA Abaqus/CAE Associative Interface for CATIA V5-6R2015;5CP-QCI;YLC;1;RN0000785883;2.261,39;2.261,39;Renew 2022;31/12/2022;Fokker Landing Gear
LN00032889260;NL Papendrecht;KKZ-42661C6F695667C0;DELMIA V5;;;QFC;;5CP-QFC;ALC;1;RN0000773069;2230,2;2230,2;Renew 2022;31/12/2022;Fokker Aerostructures Netherlands Use
LN00032889262;NL Papendrecht;KKZ-42661C6F695667C0;DELMIA V5;;;QFP;;5CP-QFP;ALC;1;RN0000773069;4566,58;4566,58;Renew 2022;31/12/2022;Fokker Aerostructures Netherlands Use
LN00032852866;NL Papendrecht;KKZ-42661C6F695667C0;SIMULIA Abaqus Unified FEA;Abaqus 2019;Token-Based;QPP;SIMULIA Abaqus Portfolio Pack;5TP-QPP;YLC;1;RN0000785883;12.170,50;12.170,50;Renew 2022;31/12/2022;Fokker Aerostructures Netherlands Use
PO_A8D0010959;tbd;;SIMULIA Abaqus Unified FEA;;Token-Based;QPP;SIMULIA Abaqus Portfolio Pack;5TP-QPP;ALC;1;A8D0010959;6773,73;6773,73;Renew 2022;31/12/2022;Aerospace Garden Grove
LN00032852872;NL Papendrecht;KKZ-42661C6F695667C0;SIMULIA Abaqus Unified FEA;Abaqus 2019;Token-Based;QPT;SIMULIA Abaqus Portfolio Tokens;5TP-QPT;YLC;18;RN0000785883;43777,44;43777,44;Renew 2022;31/12/2022;Fokker Aerostructures Netherlands Use
LN00035679768;tbd;;CATIA V5;V5R20;Configuration;EI2;CATIA - ELECTRICAL WIRE HARNESS INSTALLATION 2 Configuration;5CC-EI2;ALC;1;RN0000828860;5216,19;5216,19;Renew 2022;31/12/2022;Aerospace Bangalore
LN00031152457;tbd;;CATIA V5;V5R20;Configuration;EI2;CATIA - ELECTRICAL WIRE HARNESS INSTALLATION 2 Configuration;5CC-EI2;ALC;10;RN0000828860;52161,9;52161,9;Renew 2022;31/12/2022;Fokker Elmo Netherlands Use
PO_A8D0010959;tbd;;SIMULIA Abaqus Unified FEA;;Token-Based;QTP;SIMULIA Abaqus Portfolio Pack;5TP-QTP;ALC;11;A8D0010959;14901,41;14901,41;Renew 2022;31/12/2022;Aerospace Garden Grove
LN00031974429;tbd;;ENOVIA V6;V6R2013x;Named User;PGE;ENOVIA Program Experience;6NP-PGE;YLC;2;Dav-YLC V6;264;264;Renew 2022;17/10/2022;Aerospace Filton
LN00032956622;tbd;;SIMULIA Abaqus Unified FEA;Abaqus 2019;Token-Based;QXT;SIMULIA Abaqus Extended Tokens;5TP-QXT;YLC;18;RN0000785883;40159,62;40159,62;Renew 2022;31/12/2022;Fokker Landing Gear
LN00032956619;tbd;;SIMULIA Abaqus Unified FEA;Abaqus 2019;Token-Based;QXT;SIMULIA Abaqus Extended Tokens;5TP-QXT;ALC;6;RN0000785883;8841,54;8841,54;Renew 2022;31/12/2022;Fokker Landing Gear
LN00031154657;NL Papendrecht;KKZ-42661C6F695667C0;CATIA V4;V4R2.5;Shareable;RAS;CATIA.Hybrid Raster Editor;4CP-RAS;ALC;1;RN0000828860;0;0;TOS;31/12/2022;Fokker Aerostructures Netherlands Use
LN00012854685;tbd;;CATIA V4;;Shareable;RAS;V4 Transfer without Support;;ALC;1;To be TOS V4 per 1-1-2022;0;0;Renew 2022;No Support;Aerospace Filton
LN00031154518;NL Papendrecht;KKZ-42661C6F695667C0;ENOVIA V6;V6R2011x;Configuration;RDV;ENOVIA Studio Developer Edition;6NP-RDV;ALC;1;RN0000828860;0;0;TOS;31/12/2022;Fokker Aerostructures Netherlands Use
LN00031152513;tbd;;CATIA V5;V5R20;Configuration;EI2;CATIA - ELECTRICAL WIRE HARNESS INSTALLATION 2 Configuration;5CC-EI2;ALC;6;RN0000828860;39365,78;39365,78;Renew 2022;31/12/2022;Fokker Elmo Netherlands Use
LN00031154568;NL Papendrecht;KKZ-42661C6F695667C0;ENOVIA V6;V6R2011x;Named User;RPT;ENOVIA Report Generator;6NP-RPT;ALC;15;RN0000828860;0;0;TOS;31/12/2022;Fokker Aerostructures Netherlands Use
LN00013212800;tbd;;ENOVIA VPLM V5;V5R21;Configuration;RVR;ENOVIA - System & Data Administration Configuration;5CC-RVR;ALC;2;RN0000828860;3128,03;3128,03;Renew 2022;31/12/2022;Aerospace St Louis
LN00012754802;tbd;;CATIA V4;;Configuration;SBD;V4 Parallel Use;;ALC;3;RN0000828860;;;Renew 2022;31/12/2022;Aerospace Munchen
LN00031154689;NL Papendrecht;KKZ-42661C6F695667C0;CATIA V4;;Configuration;SBD;V4 Parallel Use;;ALC;10;RN0000828860;;;Renew 2022;31/12/2022;Fokker Aerostructures Netherlands Use
LN00031154690;NL Papendrecht;KKZ-42661C6F695667C0;CATIA V4;;Configuration;SBP;V4 Parallel Use;;ALC;3;RN0000828860;;;Renew 2022;31/12/2022;Fokker Aerostructures Netherlands Use
LN00031154620;NL Papendrecht;KKZ-42661C6F695667C0;ENOVIA SmarTeam V5;V5R20;Package;SED;SMARTEAM - Editor Configuration;5CC-SED;ALC;7;RN0000828860;3486,05;3486,05;Renew 2022;31/12/2022;Fokker Aerostructures Netherlands Use
LN00031152487;tbd;;ENOVIA SmarTeam V5;V5-6R2012;Package;SED;SMARTEAM - Editor Configuration;5CC-SED;ALC;5;RN0000828860;2539,86;2539,86;Renew 2022;31/12/2022;Fokker Elmo Netherlands Use
LN00031152503;tbd;;ENOVIA SmarTeam V5;V5R21;Package;SED;SMARTEAM - Editor Configuration;5CC-SED;ALC;10;RN0000828860;5079,67;5079,67;Renew 2022;31/12/2022;Fokker Elmo Netherlands Use
LN00031152469;tbd;;ENOVIA SmarTeam V5;V5R20;Shareable;SEE;SmarTeam - CATIA Supplier Relational Design Exchange;5CP-SEE;ALC;1;RN0000828860;1016,06;1016,06;Renew 2022;31/12/2022;Fokker Elmo Netherlands Use
LN00031152499;tbd;;ELECTRE Connectors for V5;V11.1;Shareable;SEL;SMARTELECTRE;5CP-SEL;ALC;1;RN0000828860;509,14;509,14;Renew 2022;31/12/2022;Fokker Elmo Netherlands Use
LN00031152509;tbd;;ELECTRE Connectors for V5;11,3;Shareable;SEL;SMARTELECTRE;5CP-SEL;ALC;3;RN0000828860;1527,33;1527,33;Renew 2022;31/12/2022;Fokker Elmo Netherlands Use
LN00013212794;tbd;;SIMULIA V6;V6R2012x;Named User;SFE;CATIA Surface FE Modeling;6NP-SFE;ALC;4;RN0000828860;4937,69;4937,69;Renew 2022;31/12/2022;Aerospace Filton
LN00031154546;NL Papendrecht;KKZ-42661C6F695667C0;SIMULIA V6;V6R2011x;Named User;SFE;CATIA Surface FE Modeling;6NP-SFE;ALC;1;RN0000828860;329,47;329,47;Renew 2022;31/12/2022;Fokker Aerostructures Netherlands Use
LN00031154548;NL Papendrecht;KKZ-42661C6F695667C0;SIMULIA V6;V6R2011x;Named User;SFE;CATIA Surface FE Modeling;6NP-SFE;ALC;1;RN0000828860;1317,9;1317,9;Renew 2022;31/12/2022;Fokker Aerostructures Netherlands Use
LN00028593345;NL Filton;KKZ-42661C6F695667C0;SIMULIA Abaqus Unified FEA;Abaqus 2019;Shareable;QAX;SIMULIA Abaqus/CAE Extended;5CP-QAX;YLC;1;RN0000785883;9.524,29;9.167,77;Renew 2022;31/12/2022;Aerospace Filton
LN00031152441;tbd;;CATIA V5;V5R20;Configuration;MD2;CATIA - MECHANICAL DESIGN 2 Configuration;5CC-MD2;ALC;4;RN0000828860;1859,43;1859,43;Renew 2022;31/12/2022;Fokker Elmo Netherlands Use
LN00013212633;tbd;;Special Offers;V5R21;Package;ZAV;AIRBUS VIEWER Package;5OB-ZAV;ALC;7;RN0000828860;1529,32;1529,32;Renew 2022;31/12/2022;Aerospace Alabama
LN00031154691;NL Papendrecht;KKZ-42661C6F695667C0;CATIA V4;;Shareable;SHE;V4 Parallel Use;;ALC;1;RN0000828860;;;Renew 2022;31/12/2022;Fokker Aerostructures Netherlands Use
LN00031154396;tbd;;Special Offers;V5-6R2014;Package;ZAV;AIRBUS VIEWER Package;5OB-ZAV;ALC;1;RN0000828860;318,53;318,53;Renew 2022;31/12/2022;Fokker Landing Gear
LN00031154662;NL Papendrecht;KKZ-42661C6F695667C0;ENOVIA MatrixOne;10,8;System;SLB;ENOVIA Solution Library;5MP-SLB;ALC;1;RN0000828860;2363,07;2363,07;Renew 2022;31/12/2022;Fokker Aerostructures Netherlands Use
LN00013212682;tbd;;Special Offers;V5R21;Package;ZOE;AIRBUS ELECTRICAL Option;5OB-ZOE;ALC;3;RN0000828860;5002,93;5002,93;Renew 2022;31/12/2022;Aerospace IoW
LN00031154602;NL Papendrecht;KKZ-42661C6F695667C0;Special Offers;V5-6R2012;Package;ZOE;AIRBUS ELECTRICAL Option;5OB-ZOE;ALC;1;RN0000828860;2036,58;2036,58;Renew 2022;31/12/2022;Fokker Aerostructures Netherlands Use
LN00013212663;tbd;;Special Offers;V5-6R2013;Package;ZOH;AIRBUS SHEETMETAL Option;5OB-ZOH;ALC;1;RN0000828860;858,23;858,23;Renew 2022;31/12/2022;Aerospace Munchen
LN00031154606;NL Papendrecht;KKZ-42661C6F695667C0;Special Offers;V5R20;Package;ZOH;AIRBUS SHEETMETAL Option;5OB-ZOH;ALC;1;RN0000828860;843,59;843,59;Renew 2022;31/12/2022;Fokker Aerostructures Netherlands Use
LN00031154608;NL Papendrecht;KKZ-42661C6F695667C0;Special Offers;V5R20;Package;ZOH;AIRBUS SHEETMETAL Option;5OB-ZOH;ALC;1;RN0000828860;843,59;843,59;Renew 2022;31/12/2022;Fokker Aerostructures Netherlands Use
LN00018912980;tbd;;CATIA V4;V4R2.5;Shareable;SOE;CATIA.Exact Solids;4CP-SOE;ALC;1;RN0000828860;0;0;TOS;31/12/2022;Aerospace New York
LN00013212888;tbd;;CATIA V4;;Shareable;SOE;V4 Transfer without Support;;ALC;1;To be TOS V4 per 1-1-2022;0;0;Renew 2022;No Support;Aerospace Yeovil
LN00031152521;tbd;;CATIA V4;;Shareable;SOM;V4 Parallel Use;;ALC;2;RN0000828860;;;Renew 2022;31/12/2022;Fokker Elmo Netherlands Use
LN00031154692;NL Papendrecht;KKZ-42661C6F695667C0;CATIA V4;;Shareable;SOM;V4 Parallel Use;;ALC;1;RN0000828860;;;Renew 2022;31/12/2022;Fokker Aerostructures Netherlands Use
LN00031154386;tbd;;Special Offers;V5-6R2013;Package;ZOL-A;AIRBUS TOLERANCING ADD-ON Option;5OB-ZOL-A;ALC;5;RN0000828860;2769,83;2769,83;Renew 2022;31/12/2022;Fokker Landing Gear
LN00013212654;tbd;;Special Offers;V5-6R2013;Package;ZOL-S;AIRBUS TOLERANCING SHAREABLE Option;5OB-ZOL-S;ALC;3;RN0000828860;0;0;TOS;31/12/2022;Aerospace Alabama
LN00013212664;tbd;;Special Offers;V5-6R2013;Package;ZOL-S;AIRBUS TOLERANCING SHAREABLE Option;5OB-ZOL-S;ALC;2;RN0000828860;0;0;TOS;31/12/2022;Aerospace Munchen
LN00031154604;NL Papendrecht;KKZ-42661C6F695667C0;Special Offers;V5R20;Package;ZOM;AIRBUS MOCK-UP Option;5OB-ZOM;ALC;4;RN0000828860;9504,04;9504,04;Renew 2022;31/12/2022;Fokker Aerostructures Netherlands Use
LN00031154693;NL Papendrecht;KKZ-42661C6F695667C0;CATIA V4;;Shareable;SPA;V4 Parallel Use;;ALC;1;RN0000828860;0;0;TOS;31/12/2022;Fokker Aerostructures Netherlands Use
LN00022146681;tbd;;Special Offers;V5-6R2017;Package;ZSK;S4 for Knowledge Capture and Reuse;5OB-ZSK;ALC;1;RN0000828860;1530,49;1530,49;Renew 2022;31/12/2022;Aerospace Filton
LN00031154380;tbd;;Special Offers;V5-6R2013;Package;ZAD;AIRBUS DESIGN Package;5OB-ZAD;ALC;2;RN0000828860;4856,57;4856,57;Renew 2022;31/12/2022;Fokker Landing Gear
LN00031154382;tbd;;Special Offers;V5-6R2013;Package;ZAD;AIRBUS DESIGN Package;5OB-ZAD;ALC;2;RN0000828860;4856,57;4856,57;Renew 2022;31/12/2022;Fokker Landing Gear
LN00031154384;tbd;;Special Offers;V5-6R2013;Package;ZAD;AIRBUS DESIGN Package;5OB-ZAD;ALC;1;RN0000828860;2428,29;2428,29;Renew 2022;31/12/2022;Fokker Landing Gear
LN00031154394;tbd;;Special Offers;V5-6R2014;Package;ZAD;AIRBUS DESIGN Package;5OB-ZAD;ALC;2;RN0000828860;4856,57;4856,57;Renew 2022;31/12/2022;Fokker Landing Gear
LN00031152413;tbd;;CATIA V5;V5R20;Configuration;EI2;CATIA - ELECTRICAL WIRE HARNESS INSTALLATION 2 Configuration;5CC-EI2;ALC;1;RN0000828860;0;0;SOS;31/12/2022;Fokker Services Netherlands Use
LN00031152393;tbd;;CATIA V5;V5R20;Configuration;HD2;CATIA - HYBRID DESIGN 2 Configuration;5CC-HD2;ALC;4;RN0000828860;0;0;SOS;31/12/2022;Fokker Services Netherlands Use
LN00037937078;tbd;;Special Offers;V5R20;Package;ZAD;AIRBUS DESIGN Package;5OB-ZAD;ALC;4;RN0000828860;9598,12;9598,12;Renew 2022;31/12/2022;Fokker Aerostructures Netherlands Use
LN00014289352;tbd;;CATIA V5;V5R21;Shareable;AMG;CATIA - ADVANCED MACHINING 2 Product;5CP-AMG;ALC;1;RN0000828860;0;0;TOS;31/12/2022;Aerospace Garden Grove
LN00031152463;tbd;;Complementary Products for CATIA V5;CCWAY V2.19;Shareable;CCWAY2;Highway for CATIA and CADDS CCWAY;5CP-CCWAY2;ALC;1;RN0000828860;0;0;SOS;31/12/2022;Fokker Elmo Netherlands Use
LN00027285126;tbd;;CATIA V5;V5-6R2019;Shareable;CFM;CATIA COMPOSITES FIBER MODELER 2 Product;5CP-CFM;ALC;1;RN0000828860;0;0;TOS;31/12/2022;Aerospace Filton
LN00031710758;tbd;;CATIA V5;V5-6R2020;Shareable;CLA;CATIA COMPOSITES LASER PROJECTION 2 Product;5CP-CLA;ALC;1;RN0000828860;0;0;TOS;31/12/2022;Aerospace Filton
LN00013212916;tbd;;CATIA V5;V5R21;Shareable;CPE;CATIA - COMPOSITES ENGINEERING 2 Product;5CP-CPE;ALC;1;RN0000828860;0;0;TOS;31/12/2022;Aerospace St Louis
LN00029810457;tbd;;CATIA V5;V5-6R2019;Shareable;CPE;CATIA - COMPOSITES ENGINEERING 2 Product;5CP-CPE;ALC;1;RN0000828860;0;0;TOS;31/12/2022;Aerospace St Louis
LN00031154636;NL Papendrecht;KKZ-42661C6F695667C0;CATIA V6;V6R2011x;Shareable;ST1;CATIA Extended STEP;6CP-ST1;ALC;1;RN0000828860;1430,13;1430,13;Renew 2022;31/12/2022;Fokker Aerostructures Netherlands Use
LN00013212925;tbd;;CATIA V5;V5R21;Shareable;CPM;CATIA - COMPOSITES DESIGN for MANUFACTURING 2 Product;5CP-CPM;ALC;1;RN0000828860;0;0;TOS;31/12/2022;Aerospace Alabama
LN00013212917;tbd;;CATIA V5;V5R21;Shareable;CPM;CATIA - COMPOSITES DESIGN for MANUFACTURING 2 Product;5CP-CPM;ALC;1;RN0000828860;0;0;TOS;31/12/2022;Aerospace St Louis
LN00013212723;tbd;;CATIA / ENOVIA DMU;V5R21;Shareable;CPR;DMU COMPOSITES REVIEW 2 Product;5CP-CPR;ALC;5;RN0000828860;3002,06;3002,06;Renew 2022;31/12/2022;Aerospace Alabama
LN00013212728;tbd;;CATIA / ENOVIA DMU;V5R21;Shareable;CPR;DMU COMPOSITES REVIEW 2 Product;5CP-CPR;ALC;1;RN0000828860;583,91;583,91;Renew 2022;31/12/2022;Aerospace Cromwell
LN00028593344;NL Filton;KKZ-42661C6F695667C0;SIMULIA Abaqus Unified FEA;Abaqus 2019;Token-Based;QXT;SIMULIA Abaqus Extended Tokens;5TP-QXT;YLC;8;RN0000785883;18542,84;17848,72;Renew 2022;31/12/2022;Aerospace Filton
LN00012754783;tbd;;CATIA V4;;Shareable;ST1;V4 Parallel Use;;ALC;2;RN0000828860;0;0;TOS;31/12/2022;Aerospace Filton
LN00012754797;tbd;;CATIA V4;;Shareable;ST2;V4 Parallel Use;;ALC;2;RN0000828860;;;Renew 2022;31/12/2022;Aerospace Filton
LN00031154544;NL Papendrecht;KKZ-42661C6F695667C0;SIMULIA V6;V6R2011x;Named User;STA;CATIA Structural Analysis;6NP-STA;ALC;1;RN0000828860;282,41;282,41;Renew 2022;31/12/2022;Fokker Aerostructures Netherlands Use
LN00013212913;tbd;;CATIA V4;V4R2.5;Shareable;STL;CATIA.STL Rapid Prototyping;4CP-STL;ALC;1;RN0000828860;0;0;TOS;31/12/2022;Aerospace St Louis
LN00012626425;tbd;;CATIA / ENOVIA DMU;V5-6R2014;Shareable;CPR;DMU COMPOSITES REVIEW 2 Product;5CP-CPR;ALC;1;RN0000828860;600,41;600,41;Renew 2022;31/12/2022;Aerospace IoW
LN00012754793;tbd;;CATIA V4;;Shareable;STL;V4 Parallel Use;;ALC;2;RN0000828860;0;0;TOS;31/12/2022;Aerospace Filton
LN00012754784;tbd;;CATIA V4;;Shareable;STM;V4 Parallel Use;;ALC;2;RN0000828860;;;Renew 2022;31/12/2022;Aerospace Filton
LN00018912990;tbd;;CATIA V4;V4R2.5;Shareable;STP;CATIA.STEP AP203 Interface;4CP-STP;ALC;1;RN0000828860;0;0;TOS;31/12/2022;Aerospace New York
LN00031154694;NL Papendrecht;KKZ-42661C6F695667C0;CATIA V4;;Shareable;STP;V4 Parallel Use;;ALC;1;RN0000828860;;;Renew 2022;31/12/2022;Fokker Aerostructures Netherlands Use
LN00031152522;tbd;;CATIA V4;;Shareable;SUD;V4 Parallel Use;;ALC;1;RN0000828860;;;Renew 2022;31/12/2022;Fokker Elmo Netherlands Use
LN00031154695;NL Papendrecht;KKZ-42661C6F695667C0;CATIA V4;;Shareable;SUD;V4 Parallel Use;;ALC;10;RN0000828860;;;Renew 2022;31/12/2022;Fokker Aerostructures Netherlands Use
LN00027901782;tbd;;CATIA V6;V6R2013x;Named User;SUR;CATIA Mechanical Surface Design;6NP-SUR;YLC;1;Dav-YLC V6;3.873;3.873;Renew 2022;05/09/2022;Aerospace Bangalore
LN00013212780;tbd;;CATIA V6;V6R2012x;Named User;SUR;CATIA Mechanical Surface Design;6NP-SUR;ALC;4;RN0000828860;4179,04;4179,04;Renew 2022;31/12/2022;Aerospace Filton
LN00031351420;tbd;;CATIA V6;V6R2013x;Named User;SUR;CATIA Mechanical Surface Design;6NP-SUR;ALC;2;RN0000828860;2465,17;2465,17;Renew 2022;31/12/2022;Aerospace Alabama
LN00029802273;tbd;;CATIA / ENOVIA DMU;V5-6R2019;Shareable;CPR;DMU COMPOSITES REVIEW 2 Product;5CP-CPR;ALC;3;RN0000828860;2064,98;2064,98;Renew 2022;31/12/2022;Aerospace St Louis
LN00031154594;NL Papendrecht;KKZ-42661C6F695667C0;CATIA V6;V6R2011x;Named User;SUR;CATIA Mechanical Surface Design;6NP-SUR;ALC;7;RN0000828860;7837,27;7837,27;Renew 2022;31/12/2022;Fokker Aerostructures Netherlands Use
LN00012754801;tbd;;CATIA V4;;Configuration;SUR;V4 Parallel Use;;ALC;3;RN0000828860;;;Renew 2022;31/12/2022;Aerospace Munchen
LN00031154696;NL Papendrecht;KKZ-42661C6F695667C0;CATIA V4;;Configuration;SUR;V4 Parallel Use;;ALC;2;RN0000828860;;;Renew 2022;31/12/2022;Fokker Aerostructures Netherlands Use
LN00012914491;tbd;;CATIA V5;V5R21;Shareable;DL1;CATIA - DEVELOPED SHAPES 1 Product;5CP-DL1;ALC;1;RN0000828860;0;0;TOS;31/12/2022;Aerospace IoW
LN00031154656;NL Papendrecht;KKZ-42661C6F695667C0;CATIA V5;V5R20;Shareable;DL1;CATIA - DEVELOPED SHAPES 1 Product;5CP-DL1;ALC;2;RN0000828860;0;0;TOS;31/12/2022;Fokker Aerostructures Netherlands Use
LN00031152491;tbd;;Business Process Accelerators;V5-6R2012;Shareable;TC9;3DSmartDocCreator Client;5CP-TC9;ALC;1;RN0000828860;225,27;225,27;Renew 2022;31/12/2022;Fokker Elmo Netherlands Use
LN00031152459;tbd;;ENOVIA SmarTeam V5;V5R20;Package;TDM;CATIA Team PDM Configuration;5CC-TDM;ALC;6;RN0000828860;3232,63;3232,63;Renew 2022;31/12/2022;Fokker Elmo Netherlands Use
LN00031152467;tbd;;ENOVIA SmarTeam V5;V5R20;Package;TDM;CATIA Team PDM Configuration;5CC-TDM;ALC;7;RN0000828860;3771,4;3771,4;Renew 2022;31/12/2022;Fokker Elmo Netherlands Use
LN00031152471;tbd;;ENOVIA SmarTeam V5;V5R20;Package;TDM;CATIA Team PDM Configuration;5CC-TDM;ALC;16;RN0000828860;8620,35;8620,35;Renew 2022;31/12/2022;Fokker Elmo Netherlands Use
LN00031152497;tbd;;ENOVIA SmarTeam V5;V5-6R2012;Package;TDM;CATIA Team PDM Configuration;5CC-TDM;ALC;5;RN0000828860;2693,85;2693,85;Renew 2022;31/12/2022;Fokker Elmo Netherlands Use
LN00031974423;tbd;;CATIA V6;V6R2013x;Named User;SUR;CATIA Mechanical Surface Design;6NP-SUR;YLC;2;Dav-YLC V6;6.262;6.262;Renew 2022;17/10/2022;Aerospace Filton
LN00031351418;tbd;;CATIA V6;V6R2013x;Named User;TOL;CATIA 3D Tolerancing & Annotation;6NP-TOL;ALC;2;RN0000828860;0;0;TOS;31/12/2022;Aerospace Alabama
LN00031152493;tbd;;Business Process Accelerators;V5-6R2012;Shareable;TS9;3DSmartDocCreator Server;5CP-TS9;ALC;1;RN0000828860;1126,37;1126,37;Renew 2022;31/12/2022;Fokker Elmo Netherlands Use
LN00031154697;NL Papendrecht;KKZ-42661C6F695667C0;CATIA V4;;Shareable;TSA;V4 Parallel Use;;ALC;3;RN0000828860;;;Renew 2022;31/12/2022;Fokker Aerostructures Netherlands Use
LN00012754789;tbd;;CATIA V4;;Shareable;TU3;V4 Parallel Use;;ALC;2;RN0000828860;;;Renew 2022;31/12/2022;Aerospace Filton
LN00031154698;NL Papendrecht;KKZ-42661C6F695667C0;CATIA V4;;Shareable;TU3;V4 Parallel Use;;ALC;1;RN0000828860;;;Renew 2022;31/12/2022;Fokker Aerostructures Netherlands Use
LN00020264523;tbd;;CATIA V5;V5-6R2017;Shareable;DL1;CATIA - DEVELOPED SHAPES 1 Product;5CP-DL1;ALC;1;RN0000828860;0;0;TOS;31/12/2022;Aerospace Filton
LN00013212801;tbd;;ENOVIA VPLM V5;V5R21;Configuration;VAR;ENOVIA - Vault Administrator Configuration;5CC-VAR;ALC;3;RN0000828860;469,2;469,2;Renew 2022;31/12/2022;Aerospace St Louis
LN00031154624;NL Papendrecht;KKZ-42661C6F695667C0;ENOVIA V6;V6R2011x;Package;VLC;ENOVIA VPM Live Collaboration;6NP-VLC;ALC;1;RN0000828860;0;0;TOS;31/12/2022;Fokker Aerostructures Netherlands Use
LN00031154566;NL Papendrecht;KKZ-42661C6F695667C0;ENOVIA V6;V6R2011x;Named User;VMX;ENOVIA VPM Multi-discipline Integration Extension;6NP-VMX;ALC;1;RN0000828860;0;0;TOS;31/12/2022;Fokker Aerostructures Netherlands Use
LN00013212667;tbd;;DELMIA D5;D5/E5 R21;Configuration;VNC;Virtual NC;5CC-VNC;ALC;1;RN0000828860;3187,79;3187,79;Renew 2022;31/12/2022;Aerospace Filton
LN00013212775;tbd;;ENOVIAvpm;V1R6;Shareable;VP0;VPM.Engineer Product;4NP-VP0;ALC;30;RN0000828860;0;0;TOS;31/12/2022;Aerospace IoW
LN00013212770;tbd;;CATIA V4;;Shareable;VP0;V4 without Support;;alc;1;To be TOS V4 per 1-1-2022;0;0;Renew 2022;No Support;Aerospace Yeovil
LN00013212776;tbd;;ENOVIAvpm;V1R6;Shareable;VP3;VPM.Administrator Product;4NP-VP3;ALC;1;RN0000828860;0;0;TOS;31/12/2022;Aerospace IoW
LN00031154638;NL Papendrecht;KKZ-42661C6F695667C0;ENOVIAvpm;V1R6;Shareable;VPM;VPM Product;4CP-VPM;ALC;12;RN0000828860;0;0;Renew 2022;31/12/2022;Fokker Aerostructures Netherlands Use
LN00031154564;NL Papendrecht;KKZ-42661C6F695667C0;ENOVIA V6;V6R2011x;Named User;VPM;ENOVIA VPM Central;6NP-VPM;ALC;8;RN0000828860;1732,72;1732,72;Renew 2022;31/12/2022;Fokker Aerostructures Netherlands Use
LN00013212792;tbd;;ENOVIA V6;V6R2012x;Named User;VPM;ENOVIA VPM Central;6NP-VPM;ALC;4;RN0000828860;807,71;807,71;Renew 2022;31/12/2022;Aerospace Filton
LN00031154634;NL Papendrecht;KKZ-42661C6F695667C0;CATIA V6;V6R2011x;Shareable;TOL;CATIA 3D Tolerancing & Annotation;6CP-TOL;ALC;1;RN0000828860;0;0;TOS;31/12/2022;Fokker Aerostructures Netherlands Use
LN00031974427;tbd;;ENOVIA V6;V6R2013x;Named User;VPM;ENOVIA VPM Central;6NP-VPM;YLC;2;Dav-YLC V6;1.650;1.650;Renew 2022;17/10/2022;Aerospace Filton
LN00013212777;tbd;;ENOVIAvpm;V1R6;Shareable;VPM;VPM Product;4CP-VPM;ALC;31;RN0000828860;0;0;Renew 2022;31/12/2022;Aerospace Filton
LN00032004346;tbd;;DELMIA Apriso;Apriso 2020;System;ACE;Center Of Excellence;5MP-ACE;ALC;1;;0,00;0;Renew 2022;24/09/2022;Non-Production Use
LN00013212771;tbd;;CATIA V4;;Shareable;VPM;V4 without Support;;alc;1;To be TOS V4 per 1-1-2022;0;0;Renew 2022;No Support;Aerospace Yeovil
LN00031154562;NL Papendrecht;KKZ-42661C6F695667C0;ENOVIA V6;V6R2011x;Named User;VSC;ENOVIA VPM Supply Chain Collaborative Engineering;6NP-VSC;ALC;1;RN0000828860;0;0;TOS;31/12/2022;Fokker Aerostructures Netherlands Use
LN00013212675;tbd;;DELMIA V5;V5R21;Configuration;VT2;DELMIA - NC Machine Tool Simulation 2 Configuration;5CC-VT2;ALC;6;RN0000828860;11123,31;11123,31;Renew 2022;31/12/2022;Aerospace Filton
LN00031154626;NL Papendrecht;KKZ-42661C6F695667C0;ENOVIA SmarTeam V5;V5R20;Shareable;WFL;ENOVIA SmarTeam - Workflow Product;5CP-WFL;ALC;7;RN0000828860;1742,66;1742,66;Renew 2022;31/12/2022;Fokker Aerostructures Netherlands Use
LN00031152489;tbd;;ENOVIA SmarTeam V5;V5-6R2012;Shareable;WFL;ENOVIA SmarTeam - Workflow Product;5CP-WFL;ALC;1;RN0000828860;253,93;253,93;Renew 2022;31/12/2022;Fokker Elmo Netherlands Use
LN00031152505;tbd;;ENOVIA SmarTeam V5;V5R21;Shareable;WFL;ENOVIA SmarTeam - Workflow Product;5CP-WFL;ALC;4;RN0000828860;1015,58;1015,58;Renew 2022;31/12/2022;Fokker Elmo Netherlands Use
LN00031154528;NL Papendrecht;KKZ-42661C6F695667C0;DELMIA V5;V5R17;Configuration;WL2;DELMIA - Robotics Simulation 2 Configuration;5CC-WL2;ALC;1;RN0000828860;5820,08;5820,08;Renew 2022;31/12/2022;Fokker Aerostructures Netherlands Use
LN00013212676;tbd;;DELMIA V5;V5R21;Configuration;WL2;DELMIA - Robotics Simulation 2 Configuration;5CC-WL2;ALC;2;RN0000828860;9564,46;9564,46;Renew 2022;31/12/2022;Aerospace Filton
LN00013212802;tbd;;ENOVIA VPLM V5;V5R21;Shareable;WPE;ENOVIA - VPM Supply Chain Engineering Exchange;5CP-WPE;ALC;2;RN0000828860;3128,03;3128,03;Renew 2022;31/12/2022;Aerospace St Louis
LN00013212895;tbd;;CATIA V5;V5R21;Shareable;DMN;CATIA - DMU NAVIGATOR 2 Product;5CP-DMN;ALC;3;RN0000828860;0;0;TOS;31/12/2022;Aerospace IoW
LN00013212918;tbd;;CATIA V5;V5R21;Shareable;DMN;CATIA - DMU NAVIGATOR 2 Product;5CP-DMN;ALC;2;RN0000828860;0;0;TOS;31/12/2022;Aerospace St Louis
LN00031154654;NL Papendrecht;KKZ-42661C6F695667C0;CATIA V5;V5R20;Shareable;DMN;CATIA - DMU NAVIGATOR 2 Product;5CP-DMN;ALC;1;RN0000828860;0;0;TOS;31/12/2022;Fokker Aerostructures Netherlands Use
LN00013212896;tbd;;CATIA V5;V5R21;Shareable;DSE;CATIA - DIGITIZED SHAPE EDITOR 2 Product;5CP-DSE;ALC;1;RN0000828860;0;0;TOS;31/12/2022;Aerospace IoW
LN00031154652;NL Papendrecht;KKZ-42661C6F695667C0;CATIA V5;V5R21;Shareable;EWE;CATIA - ENOVIAvpm Supply Chain Engineering Exchange 2 Product;5CP-EWE;ALC;1;RN0000828860;0;0;TOS;31/12/2022;Fokker Aerostructures Netherlands Use
LN00013212870;tbd;;CATIA V5;V5R21;Shareable;EWE;CATIA - ENOVIAvpm Supply Chain Engineering Exchange 2 Product;5CP-EWE;ALC;1;RN0000828860;0;0;TOS;31/12/2022;Aerospace Filton
LN00013212725;tbd;;CATIA / ENOVIA DMU;V5R21;Shareable;FIT;DMU FITTING SIMULATOR 2 Product;5CP-FIT;ALC;1;RN0000828860;0;0;TOS;31/12/2022;Aerospace IoW
LN00029802275;tbd;;CATIA V5;V5-6R2019;Shareable;FSO;CATIA - FREESTYLE OPTIMIZER 2 Product;5CP-FSO;ALC;1;RN0000828860;0;0;TOS;31/12/2022;Aerospace St Louis
LN00031516197;tbd;;CATIA V5;V5-6R2020;Shareable;FTA;CATIA - 3D FUNCTIONAL TOLERANCING & ANNOTATION 2 Product;5CP-FTA;ALC;1;RN0000828860;0;0;TOS;31/12/2022;Aerospace Bangalore
LN00013212926;tbd;;CATIA V5;V5R21;Shareable;FTA;CATIA - 3D FUNCTIONAL TOLERANCING & ANNOTATION 2 Product;5CP-FTA;ALC;1;RN0000828860;0;0;TOS;31/12/2022;Aerospace Alabama
LN00018912700;tbd;;CATIA V5;V5-6R2016;Shareable;FTA;CATIA - 3D FUNCTIONAL TOLERANCING & ANNOTATION 2 Product;5CP-FTA;ALC;1;RN0000828860;0;0;TOS;31/12/2022;Aerospace Alabama
LN00014289359;tbd;;CATIA V5;V5R21;Shareable;FTA;CATIA - 3D FUNCTIONAL TOLERANCING & ANNOTATION 2 Product;5CP-FTA;ALC;1;RN0000828860;0;0;TOS;31/12/2022;Aerospace Garden Grove
LN00013212849;tbd;;CATIA V5;V5-6R2012;Shareable;FTA;CATIA - 3D FUNCTIONAL TOLERANCING & ANNOTATION 2 Product;5CP-FTA;ALC;5;RN0000828860;0;0;TOS;31/12/2022;Aerospace IoW
LN00013212897;tbd;;CATIA V5;V5R21;Shareable;FTA;CATIA - 3D FUNCTIONAL TOLERANCING & ANNOTATION 2 Product;5CP-FTA;ALC;3;RN0000828860;0;0;TOS;31/12/2022;Aerospace IoW
LN00018912695;tbd;;CATIA V5;V5-6R2016;Shareable;FTA;CATIA - 3D FUNCTIONAL TOLERANCING & ANNOTATION 2 Product;5CP-FTA;ALC;1;RN0000828860;0;0;TOS;31/12/2022;Aerospace New York
LN00014289361;tbd;;CATIA V5;V5R21;Shareable;FTA;CATIA - 3D FUNCTIONAL TOLERANCING & ANNOTATION 2 Product;5CP-FTA;ALC;2;RN0000828860;0;0;TOS;31/12/2022;Aerospace Orangeburg
LN00014289357;tbd;;CATIA V5;V5R21;Shareable;FTA;CATIA - 3D FUNCTIONAL TOLERANCING & ANNOTATION 2 Product;5CP-FTA;ALC;2;RN0000828860;0;0;TOS;31/12/2022;Aerospace Santa Ana
LN00013212919;tbd;;CATIA V5;V5R21;Shareable;FTA;CATIA - 3D FUNCTIONAL TOLERANCING & ANNOTATION 2 Product;5CP-FTA;ALC;5;RN0000828860;0;0;TOS;31/12/2022;Aerospace St Louis
LN00031154650;NL Papendrecht;KKZ-42661C6F695667C0;CATIA V5;V5R20;Shareable;FTA;CATIA - 3D FUNCTIONAL TOLERANCING & ANNOTATION 2 Product;5CP-FTA;ALC;12;RN0000828860;0;0;TOS;31/12/2022;Fokker Aerostructures Netherlands Use
LN00013212932;tbd;;CATIA V5;V5R21;Shareable;GAS;CATIA - GENERATIVE ASSEMBLY STRUCTURAL ANALYSIS 2 Product;5CP-GAS;ALC;1;RN0000828860;1051,09;1051,09;Renew 2022;31/12/2022;Aerospace IoW
LN00013212898;tbd;;CATIA V5;V5R21;Shareable;GPS;CATIA - GENERATIVE PART STRUCTURAL ANALYSIS 2 Product;5CP-GPS;ALC;1;RN0000828860;1469,26;1469,26;Renew 2022;31/12/2022;Aerospace IoW
LN00031907699;tbd;;CATIA V5;;Shareable;GSD;;5CP-GSD;ALC;1;RN0000828860;1889,23;1889,23;Renew 2022;31/12/2022;Aerospace PreMac
LN00031154673;NL Papendrecht;KKZ-42661C6F695667C0;CATIA V5;V5R21;Shareable;GSO;CATIA - GENERATIVE SHAPE OPTIMIZER 2 Product;5CP-GSO;ALC;1;RN0000828860;0;0;TOS;31/12/2022;Fokker Aerostructures Netherlands Use
LN00013212726;tbd;;CATIA / ENOVIA DMU;V5R21;Shareable;KIN;DMU KINEMATICS SIMULATOR 2 Product;5CP-KIN;ALC;3;RN0000828860;0;0;TOS;31/12/2022;Aerospace IoW
LN00013212722;tbd;;CATIA / ENOVIA DMU;V5R21;Shareable;KIN;DMU KINEMATICS SIMULATOR 2 Product;5CP-KIN;ALC;1;RN0000828860;0;0;TOS;31/12/2022;Aerospace St Louis
LN00031154370;tbd;;CATIA / ENOVIA DMU;V5-6R2012;Shareable;KIN;DMU KINEMATICS SIMULATOR 2 Product;5CP-KIN;ALC;1;RN0000828860;0;0;TOS;31/12/2022;Fokker Landing Gear
LN00031152475;tbd;;CATIA V5;V5R20;Shareable;KT1;CATIA - PRODUCT KNOWLEDGE TEMPLATE 1 Product;5CP-KT1;ALC;1;RN0000828860;0;0;TOS;31/12/2022;Fokker Elmo Netherlands Use
LN00031152477;tbd;;CATIA V5;V5R20;Shareable;KWA;CATIA - KNOWLEDGE ADVISOR 2 Product;5CP-KWA;ALC;1;RN0000828860;0;0;TOS;31/12/2022;Fokker Elmo Netherlands Use
LN00013212899;tbd;;CATIA V5;V5R21;Shareable;MPG;CATIA - Multi-pocket Machining 2 Product;5CP-MPG;ALC;2;RN0000828860;0;0;TOS;31/12/2022;Aerospace Filton
LN00031351422;tbd;;ENOVIA V6;V6R2013x;Named User;VPM;ENOVIA VPM Central;6NP-VPM;ALC;2;RN0000828860;649,87;649,87;Renew 2022;31/12/2022;Aerospace Alabama
LN00013212727;tbd;;CATIA / ENOVIA DMU;V5R21;Shareable;PHS;PHOTO STUDIO 2 Product;5CP-PHS;ALC;1;RN0000828860;0;0;TOS;31/12/2022;Aerospace IoW
LN00031154632;NL Papendrecht;KKZ-42661C6F695667C0;CATIA / ENOVIA DMU;V5R20;Shareable;PHS;PHOTO STUDIO 2 Product;5CP-PHS;ALC;1;RN0000828860;0;0;TOS;31/12/2022;Fokker Aerostructures Netherlands Use
LN00031154646;NL Papendrecht;KKZ-42661C6F695667C0;CATIA V5;V5R20;Shareable;PX1;CATIA - PPR PDM Gateway 1 Product;5CP-PX1;ALC;10;RN0000828860;0;0;TOS;31/12/2022;Fokker Aerostructures Netherlands Use
LN00031152461;tbd;;CATIA V5;V5R20;Shareable;PX1;CATIA - PPR PDM Gateway 1 Product;5CP-PX1;ALC;3;RN0000828860;0;0;TOS;31/12/2022;Fokker Elmo Netherlands Use
LN00013212900;tbd;;CATIA V5;V5R21;Shareable;PX1;CATIA - PPR PDM Gateway 1 Product;5CP-PX1;ALC;8;RN0000828860;0;0;TOS;31/12/2022;Aerospace Filton
LN00013212901;tbd;;CATIA V5;V5R21;Shareable;PX1;CATIA - PPR PDM Gateway 1 Product;5CP-PX1;ALC;2;RN0000828860;0;0;TOS;31/12/2022;Aerospace Filton
LN00013212902;tbd;;CATIA V5;V5R21;Shareable;QSR;CATIA - QUICK SURFACE RECONSTRUCTION 2 Product;5CP-QSR;ALC;1;RN0000828860;0;0;TOS;31/12/2022;Aerospace IoW
LN00018912975;tbd;;CATIA V5;V5-6R2016;Shareable;SMD;CATIA - SHEETMETAL DESIGN 2 Product;5CP-SMD;ALC;1;RN0000828860;1123,48;1123,48;Renew 2022;31/12/2022;Aerospace New York
LN00031154642;NL Papendrecht;KKZ-42661C6F695667C0;CATIA V5;V5R21;Shareable;SMD;CATIA - SHEETMETAL DESIGN 2 Product;5CP-SMD;ALC;1;RN0000828860;1387,89;1387,89;Renew 2022;31/12/2022;Fokker Aerostructures Netherlands Use
LN00031154644;NL Papendrecht;KKZ-42661C6F695667C0;CATIA V5;V5R20;Shareable;SMD;CATIA - SHEETMETAL DESIGN 2 Product;5CP-SMD;ALC;2;RN0000828860;2779,96;2779,96;Renew 2022;31/12/2022;Fokker Aerostructures Netherlands Use
LN00031154630;NL Papendrecht;KKZ-42661C6F695667C0;CATIA / ENOVIA DMU;V5R20;Shareable;SPA;DMU SPACE ANALYSIS 2 Product;5CP-SPA;ALC;1;RN0000828860;1064,67;1064,67;Renew 2022;31/12/2022;Fokker Aerostructures Netherlands Use
LN00031154376;tbd;;CATIA / ENOVIA DMU;V5-6R2013;Shareable;SPA;DMU SPACE ANALYSIS 2 Product;5CP-SPA;ALC;1;RN0000828860;1084,39;1084,39;Renew 2022;31/12/2022;Fokker Landing Gear
LN00013212865;tbd;;CATIA V5;V5R21;Shareable;SR1;CATIA - STRUCTURE DESIGN 1 Product;5CP-SR1;ALC;2;RN0000828860;0;0;TOS;31/12/2022;Aerospace IoW
LN00013212904;tbd;;CATIA V5;V5R21;Shareable;SR1;CATIA - STRUCTURE DESIGN 1 Product;5CP-SR1;ALC;2;RN0000828860;0;0;TOS;31/12/2022;Aerospace IoW
LN00013212848;tbd;;CATIA V5;V5-6R2013;Shareable;ST1;CATIA - STEP CORE INTERFACE 1 Product;5CP-ST1;ALC;1;RN0000828860;750,8;750,8;Renew 2022;31/12/2022;Aerospace Alabama
LN00013212851;tbd;;CATIA V5;V5R21;Shareable;ST1;CATIA - STEP CORE INTERFACE 1 Product;5CP-ST1;ALC;1;RN0000828860;719,11;719,11;Renew 2022;31/12/2022;Aerospace Alabama
LN00013212934;tbd;;CATIA V5;V5R21;Shareable;ST1;CATIA - STEP CORE INTERFACE 1 Product;5CP-ST1;ALC;2;RN0000828860;1501,72;1501,72;Renew 2022;31/12/2022;Aerospace IoW
LN00018912985;tbd;;CATIA V5;V5-6R2016;Shareable;ST1;CATIA - STEP CORE INTERFACE 1 Product;5CP-ST1;ALC;1;RN0000828860;936,24;936,24;Renew 2022;31/12/2022;Aerospace New York
LN00013212924;tbd;;CATIA V5;V5R21;Shareable;ST1;CATIA - STEP CORE INTERFACE 1 Product;5CP-ST1;ALC;2;RN0000828860;1459,76;1459,76;Renew 2022;31/12/2022;Aerospace St Louis
LN00024242314;tbd;;CATIA V5;V5-6R2018;Shareable;ST1;CATIA - STEP CORE INTERFACE 1 Product;5CP-ST1;ALC;2;RN0000828860;1687,83;1687,83;Renew 2022;31/12/2022;Aerospace St Louis
LN00031154640;NL Papendrecht;KKZ-42661C6F695667C0;CATIA V5;V5-6R2012;Shareable;ST1;CATIA - STEP CORE INTERFACE 1 Product;5CP-ST1;ALC;1;RN0000828860;1164,55;1164,55;Renew 2022;31/12/2022;Fokker Aerostructures Netherlands Use
LN00031154372;tbd;;CATIA V5;V5-6R2013;Shareable;ST1;CATIA - STEP CORE INTERFACE 1 Product;5CP-ST1;ALC;1;RN0000828860;1187,84;1187,84;Renew 2022;31/12/2022;Fokker Landing Gear
LN00037937397;tbd;;CATIA V5;V5-6R2016;Shareable;ST1;CATIA - STEP CORE INTERFACE 1 Product;5CP-ST1;ALC;1;RN0000828860;0;0;TOS;31/12/2022;Fokker Aerostructures Netherlands Use
LN00013212933;tbd;;CATIA V5;V5R21;Shareable;ST1;CATIA - STEP CORE INTERFACE 1 Product;5CP-ST1;ALC;2;RN0000828860;1501,72;1501,72;Renew 2022;31/12/2022;Aerospace Filton
LN00031907701;tbd;;CATIA V5;;Shareable;ST1;;5CP-ST1;ALC;1;RN0000828860;944,63;944,63;Renew 2022;31/12/2022;Aerospace PreMac
LN00013212905;tbd;;CATIA V5;V5R21;Shareable;STL;CATIA - STL RAPID PROTOTYPING 2 Product;5CP-STL;ALC;2;RN0000828860;0;0;TOS;31/12/2022;Aerospace Filton
LN00013212927;tbd;;CATIA V5;V5R21;Shareable;SXT;CATIA - EXTENDED STEP INTERFACE 2 Product;5CP-SXT;ALC;1;RN0000828860;751,05;751,05;Renew 2022;31/12/2022;Aerospace Alabama
LN00013212906;tbd;;CATIA V5;V5R21;Shareable;TUB;CATIA - TUBING DESIGN 2 Product;5CP-TUB;ALC;2;RN0000828860;0;0;TOS;31/12/2022;Aerospace IoW
LN00013212732;tbd;;CATIA / ENOVIA DMU;V5R21;Shareable;UDL;MULTICAx - UD PLUG-IN Product;5CP-UDL;ALC;3;RN0000828860;0;0;TOS;31/12/2022;Aerospace St Louis
LN00036389052;tbd;;CATIA V5;V5R21;Shareable;FTA;;5CP-FTA;ALC;1;TOS per 1-1-2022;0;0;TOS;05/09/2022;Aerospace Santa Ana
LN00010615832;tbd;;CATIA V5;V5R21;Shareable;SXT;;5CP-SXT;ALC;1;Chemtronics ALC;210,46;842;Renew 2022;05/09/2022;Aerospace Santa Ana
PO_A8D0011079;tbd;KKZ-42661C6F695667C0;SIMULIA Abaqus Unified FEA;Abaqus 2021;Token-Based;QPT;SIMULIA Abaqus;5TP-QPT;YLC;5;Abaqus YLC Q4;12650;12650;Renew 2022;15/11/2022;Fokker Engineering Romania
PO_A8D0011103;tbd;;SIMULIA Abaqus Unified FEA;Abaqus 2019;Token-Based;QAE;SIMULIA Abaqus Extended Tokens;5TP-QXT;YLC;1;Abaqus YLC Q4;7702;7702;Renew 2022;24/10/2022;Aerospace Filton
PO_A8D0011103;tbd;;SIMULIA Abaqus Unified FEA;Abaqus 2019;Token-Based;QXT;SIMULIA Abaqus Extended Tokens;5TP-QXT;YLC;6;Abaqus YLC Q4;13914;13914;Renew 2022;24/10/2022;Aerospace Filton
PO_A8D0010910;tbd;;SIMULIA Abaqus Unified FEA;Abaqus 2019;Token-Based;QAE;SIMULIA Abaqus Extended Tokens;5TP-QXT;YLC;1;Abaqus YLC Q4;7702;7702;Renew 2022;31/08/2022;Fokker Landing Gear
LN00037937375;tbd;;Special Offers;V5R20;Package;ZAD;AIRBUS DESIGN Package;5OB-ZAD;ALC;6;RN0000828860;14114,88;14114,88;Renew 2022;31/12/2022;Fokker Aerostructures Netherlands Use
;;;;;;;;;;;;;;;;
;;;;;;;;;;;;;;;;
;;;;;;;;;;;;;;;;